Nome do Dispositivo;Temperatura (°C);Data
Agencia Transfusional;18,76;09/02/2026 00:00
Agencia Transfusional;20,08;09/02/2026 00:30
Agencia Transfusional;17,76;09/02/2026 01:00
Agencia Transfusional;19,28;09/02/2026 01:30
Agencia Transfusional;18,91;09/02/2026 02:00
Agencia Transfusional;18,93;09/02/2026 02:30
Agencia Transfusional;20,40;09/02/2026 03:00
Agencia Transfusional;17,88;09/02/2026 03:30
Agencia Transfusional;18,02;09/02/2026 04:00
Agencia Transfusional;16,79;09/02/2026 04:30
Agencia Transfusional;19,41;09/02/2026 05:00
Agencia Transfusional;17,45;09/02/2026 05:30
Agencia Transfusional;19,41;09/02/2026 06:00
Agencia Transfusional;19,36;09/02/2026 06:30
Agencia Transfusional;17,95;09/02/2026 07:00
Agencia Transfusional;18,73;09/02/2026 07:30
Agencia Transfusional;20,78;09/02/2026 08:00
Agencia Transfusional;16,83;09/02/2026 08:30
Agencia Transfusional;18,86;09/02/2026 09:00
Agencia Transfusional;19,79;09/02/2026 09:30
Agencia Transfusional;19,11;09/02/2026 10:00
Agencia Transfusional;19,90;09/02/2026 10:30
Agencia Transfusional;19,00;09/02/2026 11:00
Agencia Transfusional;19,00;09/02/2026 11:30
Agencia Transfusional;19,28;09/02/2026 12:00
Agencia Transfusional;21,66;09/02/2026 12:30
Agencia Transfusional;22,53;09/02/2026 13:00
Agencia Transfusional;21,22;09/02/2026 13:30
Agencia Transfusional;19,70;09/02/2026 14:00
Agencia Transfusional;20,19;09/02/2026 14:30
Agencia Transfusional;18,79;09/02/2026 15:00
Agencia Transfusional;18,53;09/02/2026 15:30
Agencia Transfusional;20,06;09/02/2026 16:00
Agencia Transfusional;18,49;09/02/2026 16:30
Agencia Transfusional;21,68;09/02/2026 17:00
Agencia Transfusional;21,01;09/02/2026 17:30
Agencia Transfusional;20,56;09/02/2026 18:00
Agencia Transfusional;20,46;09/02/2026 18:30
Agencia Transfusional;22,31;09/02/2026 19:00
Agencia Transfusional;20,26;09/02/2026 19:30
Agencia Transfusional;21,84;09/02/2026 20:00
Agencia Transfusional;20,99;09/02/2026 20:30
Agencia Transfusional;19,45;09/02/2026 21:00
Agencia Transfusional;18,65;09/02/2026 21:30
Agencia Transfusional;18,69;09/02/2026 22:00
Agencia Transfusional;22,00;09/02/2026 22:30
Agencia Transfusional;18,47;09/02/2026 23:00
Agencia Transfusional;18,67;09/02/2026 23:30
Agencia Transfusional;19,35;10/02/2026 00:00
Agencia Transfusional;20,49;10/02/2026 00:30
Agencia Transfusional;20,08;10/02/2026 01:00
Agencia Transfusional;22,28;10/02/2026 01:30
Agencia Transfusional;18,83;10/02/2026 02:00
Agencia Transfusional;20,00;10/02/2026 02:30
Agencia Transfusional;22,00;10/02/2026 03:00
Agencia Transfusional;20,93;10/02/2026 03:30
Agencia Transfusional;20,30;10/02/2026 04:00
Agencia Transfusional;21,98;10/02/2026 04:30
Agencia Transfusional;22,50;10/02/2026 05:00
Agencia Transfusional;22,68;10/02/2026 05:30
Agencia Transfusional;20,88;10/02/2026 06:00
Agencia Transfusional;21,38;10/02/2026 06:30
Agencia Transfusional;19,83;10/02/2026 07:00
Agencia Transfusional;21,56;10/02/2026 07:30
Agencia Transfusional;23,26;10/02/2026 08:00
Agencia Transfusional;19,59;10/02/2026 08:30
Agencia Transfusional;22,47;10/02/2026 09:00
Agencia Transfusional;20,67;10/02/2026 09:30
Agencia Transfusional;23,04;10/02/2026 10:00
Agencia Transfusional;19,93;10/02/2026 10:30
Agencia Transfusional;18,50;10/02/2026 11:00
Agencia Transfusional;18,81;10/02/2026 11:30
Agencia Transfusional;18,05;10/02/2026 12:00
Agencia Transfusional;19,34;10/02/2026 12:30
Agencia Transfusional;21,79;10/02/2026 13:00
Agencia Transfusional;20,13;10/02/2026 13:30
Agencia Transfusional;20,77;10/02/2026 14:00
Agencia Transfusional;20,76;10/02/2026 14:30
Agencia Transfusional;22,08;10/02/2026 15:00
Agencia Transfusional;20,57;10/02/2026 15:30
Agencia Transfusional;19,39;10/02/2026 16:00
Agencia Transfusional;19,91;10/02/2026 16:30
Agencia Transfusional;21,71;10/02/2026 17:00
Agencia Transfusional;19,91;10/02/2026 17:30
Agencia Transfusional;20,35;10/02/2026 18:00
Agencia Transfusional;19,96;10/02/2026 18:30
Agencia Transfusional;20,47;10/02/2026 19:00
Agencia Transfusional;19,83;10/02/2026 19:30
Agencia Transfusional;21,07;10/02/2026 20:00
Agencia Transfusional;19,59;10/02/2026 20:30
Agencia Transfusional;21,46;10/02/2026 21:00
Agencia Transfusional;20,91;10/02/2026 21:30
Agencia Transfusional;20,30;10/02/2026 22:00
Agencia Transfusional;20,25;10/02/2026 22:30
Agencia Transfusional;22,16;10/02/2026 23:00
Agencia Transfusional;22,56;10/02/2026 23:30
Agencia Transfusional;22,43;11/02/2026 00:00
Agencia Transfusional;20,46;11/02/2026 00:30
Agencia Transfusional;21,30;11/02/2026 01:00
Agencia Transfusional;18,04;11/02/2026 01:30
Agencia Transfusional;17,55;11/02/2026 02:00
Agencia Transfusional;21,48;11/02/2026 02:30
Agencia Transfusional;21,56;11/02/2026 03:00
Agencia Transfusional;20,93;11/02/2026 03:30
Agencia Transfusional;20,16;11/02/2026 04:00
Agencia Transfusional;19,70;11/02/2026 04:30
Agencia Transfusional;20,38;11/02/2026 05:00
Agencia Transfusional;20,95;11/02/2026 05:30
Agencia Transfusional;21,19;11/02/2026 06:00
Agencia Transfusional;21,43;11/02/2026 06:30
Agencia Transfusional;19,07;11/02/2026 07:00
Agencia Transfusional;19,14;11/02/2026 07:30
Agencia Transfusional;21,17;11/02/2026 08:00
Agencia Transfusional;21,69;11/02/2026 08:30
Agencia Transfusional;20,83;11/02/2026 09:00
Agencia Transfusional;19,42;11/02/2026 09:30
Agencia Transfusional;19,21;11/02/2026 10:00
Agencia Transfusional;19,40;11/02/2026 10:30
Agencia Transfusional;21,83;11/02/2026 11:00
Agencia Transfusional;16,59;11/02/2026 11:30
Agencia Transfusional;20,28;11/02/2026 12:00
Agencia Transfusional;21,41;11/02/2026 12:30
Agencia Transfusional;21,87;11/02/2026 13:00
Agencia Transfusional;21,40;11/02/2026 13:30
Agencia Transfusional;21,45;11/02/2026 14:00
Agencia Transfusional;18,28;11/02/2026 14:30
Agencia Transfusional;20,21;11/02/2026 15:00
Agencia Transfusional;22,13;11/02/2026 15:30
Agencia Transfusional;18,21;11/02/2026 16:00
Agencia Transfusional;21,32;11/02/2026 16:30
Agencia Transfusional;18,71;11/02/2026 17:00
Agencia Transfusional;19,56;11/02/2026 17:30
Agencia Transfusional;18,24;11/02/2026 18:00
Agencia Transfusional;19,17;11/02/2026 18:30
Agencia Transfusional;20,97;11/02/2026 19:00
Agencia Transfusional;19,62;11/02/2026 19:30
Agencia Transfusional;19,32;11/02/2026 20:00
Agencia Transfusional;18,42;11/02/2026 20:30
Agencia Transfusional;20,76;11/02/2026 21:00
Agencia Transfusional;18,40;11/02/2026 21:30
Agencia Transfusional;19,15;11/02/2026 22:00
Agencia Transfusional;18,60;11/02/2026 22:30
Agencia Transfusional;19,75;11/02/2026 23:00
Agencia Transfusional;18,12;11/02/2026 23:30
Centro Obstétrico 01;16,50;09/02/2026 00:00
Centro Obstétrico 01;16,80;09/02/2026 00:30
Centro Obstétrico 01;16,98;09/02/2026 01:00
Centro Obstétrico 01;16,45;09/02/2026 01:30
Centro Obstétrico 01;16,62;09/02/2026 02:00
Centro Obstétrico 01;16,20;09/02/2026 02:30
Centro Obstétrico 01;16,57;09/02/2026 03:00
Centro Obstétrico 01;16,90;09/02/2026 03:30
Centro Obstétrico 01;16,42;09/02/2026 04:00
Centro Obstétrico 01;16,41;09/02/2026 04:30
Centro Obstétrico 01;16,62;09/02/2026 05:00
Centro Obstétrico 01;16,38;09/02/2026 05:30
Centro Obstétrico 01;16,00;09/02/2026 06:00
Centro Obstétrico 01;16,94;09/02/2026 06:30
Centro Obstétrico 01;16,34;09/02/2026 07:00
Centro Obstétrico 01;16,54;09/02/2026 07:30
Centro Obstétrico 01;16,18;09/02/2026 08:00
Centro Obstétrico 01;16,96;09/02/2026 08:30
Centro Obstétrico 01;16,22;09/02/2026 09:00
Centro Obstétrico 01;16,00;09/02/2026 09:30
Centro Obstétrico 01;16,73;09/02/2026 10:00
Centro Obstétrico 01;16,31;09/02/2026 10:30
Centro Obstétrico 01;17,50;09/02/2026 11:00
Centro Obstétrico 01;16,76;09/02/2026 11:30
Centro Obstétrico 01;16,40;09/02/2026 12:00
Centro Obstétrico 01;16,23;09/02/2026 12:30
Centro Obstétrico 01;16,71;09/02/2026 13:00
Centro Obstétrico 01;16,99;09/02/2026 13:30
Centro Obstétrico 01;16,70;09/02/2026 14:00
Centro Obstétrico 01;16,10;09/02/2026 14:30
Centro Obstétrico 01;16,60;09/02/2026 15:00
Centro Obstétrico 01;16,79;09/02/2026 15:30
Centro Obstétrico 01;16,86;09/02/2026 16:00
Centro Obstétrico 01;16,80;09/02/2026 16:30
Centro Obstétrico 01;16,88;09/02/2026 17:00
Centro Obstétrico 01;16,90;09/02/2026 17:30
Centro Obstétrico 01;16,18;09/02/2026 18:00
Centro Obstétrico 01;16,47;09/02/2026 18:30
Centro Obstétrico 01;16,43;09/02/2026 19:00
Centro Obstétrico 01;16,23;09/02/2026 19:30
Centro Obstétrico 01;16,97;09/02/2026 20:00
Centro Obstétrico 01;16,32;09/02/2026 20:30
Centro Obstétrico 01;16,18;09/02/2026 21:00
Centro Obstétrico 01;16,87;09/02/2026 21:30
Centro Obstétrico 01;16,35;09/02/2026 22:00
Centro Obstétrico 01;16,44;09/02/2026 22:30
Centro Obstétrico 01;16,88;09/02/2026 23:00
Centro Obstétrico 01;16,04;09/02/2026 23:30
Centro Obstétrico 01;16,99;10/02/2026 00:00
Centro Obstétrico 01;16,39;10/02/2026 00:30
Centro Obstétrico 01;16,74;10/02/2026 01:00
Centro Obstétrico 01;16,15;10/02/2026 01:30
Centro Obstétrico 01;16,04;10/02/2026 02:00
Centro Obstétrico 01;16,38;10/02/2026 02:30
Centro Obstétrico 01;16,50;10/02/2026 03:00
Centro Obstétrico 01;16,29;10/02/2026 03:30
Centro Obstétrico 01;16,57;10/02/2026 04:00
Centro Obstétrico 01;16,34;10/02/2026 04:30
Centro Obstétrico 01;16,29;10/02/2026 05:00
Centro Obstétrico 01;16,96;10/02/2026 05:30
Centro Obstétrico 01;16,64;10/02/2026 06:00
Centro Obstétrico 01;16,66;10/02/2026 06:30
Centro Obstétrico 01;16,65;10/02/2026 07:00
Centro Obstétrico 01;16,95;10/02/2026 07:30
Centro Obstétrico 01;16,19;10/02/2026 08:00
Centro Obstétrico 01;16,98;10/02/2026 08:30
Centro Obstétrico 01;16,79;10/02/2026 09:00
Centro Obstétrico 01;16,04;10/02/2026 09:30
Centro Obstétrico 01;16,38;10/02/2026 10:00
Centro Obstétrico 01;16,38;10/02/2026 10:30
Centro Obstétrico 01;16,17;10/02/2026 11:00
Centro Obstétrico 01;16,07;10/02/2026 11:30
Centro Obstétrico 01;16,17;10/02/2026 12:00
Centro Obstétrico 01;16,95;10/02/2026 12:30
Centro Obstétrico 01;16,66;10/02/2026 13:00
Centro Obstétrico 01;16,84;10/02/2026 13:30
Centro Obstétrico 01;16,53;10/02/2026 14:00
Centro Obstétrico 01;16,84;10/02/2026 14:30
Centro Obstétrico 01;16,74;10/02/2026 15:00
Centro Obstétrico 01;16,39;10/02/2026 15:30
Centro Obstétrico 01;16,66;10/02/2026 16:00
Centro Obstétrico 01;16,97;10/02/2026 16:30
Centro Obstétrico 01;16,29;10/02/2026 17:00
Centro Obstétrico 01;16,21;10/02/2026 17:30
Centro Obstétrico 01;17,52;10/02/2026 18:00
Centro Obstétrico 01;16,85;10/02/2026 18:30
Centro Obstétrico 01;17,09;10/02/2026 19:00
Centro Obstétrico 01;16,52;10/02/2026 19:30
Centro Obstétrico 01;16,56;10/02/2026 20:00
Centro Obstétrico 01;16,41;10/02/2026 20:30
Centro Obstétrico 01;16,04;10/02/2026 21:00
Centro Obstétrico 01;16,20;10/02/2026 21:30
Centro Obstétrico 01;16,35;10/02/2026 22:00
Centro Obstétrico 01;16,62;10/02/2026 22:30
Centro Obstétrico 01;18,19;10/02/2026 23:00
Centro Obstétrico 01;17,34;10/02/2026 23:30
Centro Obstétrico 01;17,46;11/02/2026 00:00
Centro Obstétrico 01;17,37;11/02/2026 00:30
Centro Obstétrico 01;16,89;11/02/2026 01:00
Centro Obstétrico 01;17,18;11/02/2026 01:30
Centro Obstétrico 01;16,88;11/02/2026 02:00
Centro Obstétrico 01;16,94;11/02/2026 02:30
Centro Obstétrico 01;16,29;11/02/2026 03:00
Centro Obstétrico 01;16,22;11/02/2026 03:30
Centro Obstétrico 01;16,82;11/02/2026 04:00
Centro Obstétrico 01;16,85;11/02/2026 04:30
Centro Obstétrico 01;16,88;11/02/2026 05:00
Centro Obstétrico 01;17,81;11/02/2026 05:30
Centro Obstétrico 01;16,46;11/02/2026 06:00
Centro Obstétrico 01;16,46;11/02/2026 06:30
Centro Obstétrico 01;16,89;11/02/2026 07:00
Centro Obstétrico 01;16,82;11/02/2026 07:30
Centro Obstétrico 01;16,43;11/02/2026 08:00
Centro Obstétrico 01;16,78;11/02/2026 08:30
Centro Obstétrico 01;17,96;11/02/2026 09:00
Centro Obstétrico 01;18,41;11/02/2026 09:30
Centro Obstétrico 01;18,31;11/02/2026 10:00
Centro Obstétrico 01;18,13;11/02/2026 10:30
Centro Obstétrico 01;17,33;11/02/2026 11:00
Centro Obstétrico 01;17,64;11/02/2026 11:30
Centro Obstétrico 01;18,85;11/02/2026 12:00
Centro Obstétrico 01;17,45;11/02/2026 12:30
Centro Obstétrico 01;18,68;11/02/2026 13:00
Centro Obstétrico 01;18,10;11/02/2026 13:30
Centro Obstétrico 01;16,29;11/02/2026 14:00
Centro Obstétrico 01;16,77;11/02/2026 14:30
Centro Obstétrico 01;17,81;11/02/2026 15:00
Centro Obstétrico 01;17,81;11/02/2026 15:30
Centro Obstétrico 01;17,74;11/02/2026 16:00
Centro Obstétrico 01;18,06;11/02/2026 16:30
Centro Obstétrico 01;17,87;11/02/2026 17:00
Centro Obstétrico 01;18,14;11/02/2026 17:30
Centro Obstétrico 01;18,16;11/02/2026 18:00
Centro Obstétrico 01;17,96;11/02/2026 18:30
Centro Obstétrico 01;17,39;11/02/2026 19:00
Centro Obstétrico 01;18,22;11/02/2026 19:30
Centro Obstétrico 01;18,37;11/02/2026 20:00
Centro Obstétrico 01;17,68;11/02/2026 20:30
Centro Obstétrico 01;17,33;11/02/2026 21:00
Centro Obstétrico 01;16,87;11/02/2026 21:30
Centro Obstétrico 01;16,15;11/02/2026 22:00
Centro Obstétrico 01;18,35;11/02/2026 22:30
Centro Obstétrico 01;17,98;11/02/2026 23:00
Centro Obstétrico 01;17,29;11/02/2026 23:30
Centro Obstétrico 02;17,19;09/02/2026 00:00
Centro Obstétrico 02;16,46;09/02/2026 00:30
Centro Obstétrico 02;16,03;09/02/2026 01:00
Centro Obstétrico 02;17,12;09/02/2026 01:30
Centro Obstétrico 02;16,09;09/02/2026 02:00
Centro Obstétrico 02;16,90;09/02/2026 02:30
Centro Obstétrico 02;17,10;09/02/2026 03:00
Centro Obstétrico 02;16,78;09/02/2026 03:30
Centro Obstétrico 02;16,46;09/02/2026 04:00
Centro Obstétrico 02;16,90;09/02/2026 04:30
Centro Obstétrico 02;16,74;09/02/2026 05:00
Centro Obstétrico 02;16,54;09/02/2026 05:30
Centro Obstétrico 02;16,68;09/02/2026 06:00
Centro Obstétrico 02;16,04;09/02/2026 06:30
Centro Obstétrico 02;16,65;09/02/2026 07:00
Centro Obstétrico 02;16,82;09/02/2026 07:30
Centro Obstétrico 02;16,62;09/02/2026 08:00
Centro Obstétrico 02;16,87;09/02/2026 08:30
Centro Obstétrico 02;17,20;09/02/2026 09:00
Centro Obstétrico 02;16,05;09/02/2026 09:30
Centro Obstétrico 02;16,83;09/02/2026 10:00
Centro Obstétrico 02;16,40;09/02/2026 10:30
Centro Obstétrico 02;16,77;09/02/2026 11:00
Centro Obstétrico 02;17,35;09/02/2026 11:30
Centro Obstétrico 02;16,53;09/02/2026 12:00
Centro Obstétrico 02;16,22;09/02/2026 12:30
Centro Obstétrico 02;16,91;09/02/2026 13:00
Centro Obstétrico 02;17,18;09/02/2026 13:30
Centro Obstétrico 02;17,09;09/02/2026 14:00
Centro Obstétrico 02;16,37;09/02/2026 14:30
Centro Obstétrico 02;16,33;09/02/2026 15:00
Centro Obstétrico 02;16,73;09/02/2026 15:30
Centro Obstétrico 02;17,58;09/02/2026 16:00
Centro Obstétrico 02;16,71;09/02/2026 16:30
Centro Obstétrico 02;16,42;09/02/2026 17:00
Centro Obstétrico 02;17,41;09/02/2026 17:30
Centro Obstétrico 02;16,71;09/02/2026 18:00
Centro Obstétrico 02;16,42;09/02/2026 18:30
Centro Obstétrico 02;16,21;09/02/2026 19:00
Centro Obstétrico 02;17,40;09/02/2026 19:30
Centro Obstétrico 02;16,12;09/02/2026 20:00
Centro Obstétrico 02;16,56;09/02/2026 20:30
Centro Obstétrico 02;16,04;09/02/2026 21:00
Centro Obstétrico 02;16,30;09/02/2026 21:30
Centro Obstétrico 02;16,24;09/02/2026 22:00
Centro Obstétrico 02;16,02;09/02/2026 22:30
Centro Obstétrico 02;16,51;09/02/2026 23:00
Centro Obstétrico 02;16,44;09/02/2026 23:30
Centro Obstétrico 02;16,24;10/02/2026 00:00
Centro Obstétrico 02;16,30;10/02/2026 00:30
Centro Obstétrico 02;16,46;10/02/2026 01:00
Centro Obstétrico 02;16,71;10/02/2026 01:30
Centro Obstétrico 02;16,08;10/02/2026 02:00
Centro Obstétrico 02;16,51;10/02/2026 02:30
Centro Obstétrico 02;16,55;10/02/2026 03:00
Centro Obstétrico 02;16,15;10/02/2026 03:30
Centro Obstétrico 02;16,75;10/02/2026 04:00
Centro Obstétrico 02;16,26;10/02/2026 04:30
Centro Obstétrico 02;16,78;10/02/2026 05:00
Centro Obstétrico 02;16,68;10/02/2026 05:30
Centro Obstétrico 02;16,61;10/02/2026 06:00
Centro Obstétrico 02;16,07;10/02/2026 06:30
Centro Obstétrico 02;16,96;10/02/2026 07:00
Centro Obstétrico 02;16,85;10/02/2026 07:30
Centro Obstétrico 02;17,33;10/02/2026 08:00
Centro Obstétrico 02;16,29;10/02/2026 08:30
Centro Obstétrico 02;16,87;10/02/2026 09:00
Centro Obstétrico 02;16,83;10/02/2026 09:30
Centro Obstétrico 02;16,38;10/02/2026 10:00
Centro Obstétrico 02;17,93;10/02/2026 10:30
Centro Obstétrico 02;16,97;10/02/2026 11:00
Centro Obstétrico 02;16,49;10/02/2026 11:30
Centro Obstétrico 02;17,53;10/02/2026 12:00
Centro Obstétrico 02;18,12;10/02/2026 12:30
Centro Obstétrico 02;17,23;10/02/2026 13:00
Centro Obstétrico 02;18,45;10/02/2026 13:30
Centro Obstétrico 02;19,28;10/02/2026 14:00
Centro Obstétrico 02;18,66;10/02/2026 14:30
Centro Obstétrico 02;18,86;10/02/2026 15:00
Centro Obstétrico 02;17,79;10/02/2026 15:30
Centro Obstétrico 02;18,38;10/02/2026 16:00
Centro Obstétrico 02;18,69;10/02/2026 16:30
Centro Obstétrico 02;19,84;10/02/2026 17:00
Centro Obstétrico 02;19,07;10/02/2026 17:30
Centro Obstétrico 02;19,97;10/02/2026 18:00
Centro Obstétrico 02;19,20;10/02/2026 18:30
Centro Obstétrico 02;18,87;10/02/2026 19:00
Centro Obstétrico 02;18,31;10/02/2026 19:30
Centro Obstétrico 02;18,47;10/02/2026 20:00
Centro Obstétrico 02;17,32;10/02/2026 20:30
Centro Obstétrico 02;18,61;10/02/2026 21:00
Centro Obstétrico 02;18,18;10/02/2026 21:30
Centro Obstétrico 02;19,19;10/02/2026 22:00
Centro Obstétrico 02;18,48;10/02/2026 22:30
Centro Obstétrico 02;16,63;10/02/2026 23:00
Centro Obstétrico 02;19,17;10/02/2026 23:30
Centro Obstétrico 02;19,16;11/02/2026 00:00
Centro Obstétrico 02;19,03;11/02/2026 00:30
Centro Obstétrico 02;19,30;11/02/2026 01:00
Centro Obstétrico 02;19,35;11/02/2026 01:30
Centro Obstétrico 02;19,11;11/02/2026 02:00
Centro Obstétrico 02;19,47;11/02/2026 02:30
Centro Obstétrico 02;19,28;11/02/2026 03:00
Centro Obstétrico 02;18,96;11/02/2026 03:30
Centro Obstétrico 02;17,83;11/02/2026 04:00
Centro Obstétrico 02;18,31;11/02/2026 04:30
Centro Obstétrico 02;18,48;11/02/2026 05:00
Centro Obstétrico 02;18,23;11/02/2026 05:30
Centro Obstétrico 02;18,34;11/02/2026 06:00
Centro Obstétrico 02;18,38;11/02/2026 06:30
Centro Obstétrico 02;18,06;11/02/2026 07:00
Centro Obstétrico 02;18,21;11/02/2026 07:30
Centro Obstétrico 02;19,10;11/02/2026 08:00
Centro Obstétrico 02;18,80;11/02/2026 08:30
Centro Obstétrico 02;19,05;11/02/2026 09:00
Centro Obstétrico 02;19,02;11/02/2026 09:30
Centro Obstétrico 02;18,80;11/02/2026 10:00
Centro Obstétrico 02;18,98;11/02/2026 10:30
Centro Obstétrico 02;20,07;11/02/2026 11:00
Centro Obstétrico 02;20,34;11/02/2026 11:30
Centro Obstétrico 02;21,44;11/02/2026 12:00
Centro Obstétrico 02;21,18;11/02/2026 12:30
Centro Obstétrico 02;22,09;11/02/2026 13:00
Centro Obstétrico 02;19,74;11/02/2026 13:30
Centro Obstétrico 02;19,76;11/02/2026 14:00
Centro Obstétrico 02;20,34;11/02/2026 14:30
Centro Obstétrico 02;21,05;11/02/2026 15:00
Centro Obstétrico 02;21,42;11/02/2026 15:30
Centro Obstétrico 02;20,44;11/02/2026 16:00
Centro Obstétrico 02;21,02;11/02/2026 16:30
Centro Obstétrico 02;22,27;11/02/2026 17:00
Centro Obstétrico 02;21,11;11/02/2026 17:30
Centro Obstétrico 02;19,41;11/02/2026 18:00
Centro Obstétrico 02;19,37;11/02/2026 18:30
Centro Obstétrico 02;20,70;11/02/2026 19:00
Centro Obstétrico 02;18,77;11/02/2026 19:30
Centro Obstétrico 02;18,97;11/02/2026 20:00
Centro Obstétrico 02;19,78;11/02/2026 20:30
Centro Obstétrico 02;18,94;11/02/2026 21:00
Centro Obstétrico 02;20,00;11/02/2026 21:30
Centro Obstétrico 02;17,95;11/02/2026 22:00
Centro Obstétrico 02;18,37;11/02/2026 22:30
Centro Obstétrico 02;19,35;11/02/2026 23:00
Centro Obstétrico 02;18,13;11/02/2026 23:30
Cirurgia 01;15,03;09/02/2026 00:00
Cirurgia 01;15,09;09/02/2026 00:30
Cirurgia 01;15,16;09/02/2026 01:00
Cirurgia 01;15,14;09/02/2026 01:30
Cirurgia 01;15,13;09/02/2026 02:00
Cirurgia 01;15,11;09/02/2026 02:30
Cirurgia 01;15,12;09/02/2026 03:00
Cirurgia 01;15,15;09/02/2026 03:30
Cirurgia 01;15,25;09/02/2026 04:00
Cirurgia 01;15,10;09/02/2026 04:30
Cirurgia 01;15,20;09/02/2026 05:00
Cirurgia 01;15,13;09/02/2026 05:30
Cirurgia 01;15,12;09/02/2026 06:00
Cirurgia 01;15,13;09/02/2026 06:30
Cirurgia 01;15,07;09/02/2026 07:00
Cirurgia 01;15,19;09/02/2026 07:30
Cirurgia 01;15,03;09/02/2026 08:00
Cirurgia 01;15,28;09/02/2026 08:30
Cirurgia 01;15,16;09/02/2026 09:00
Cirurgia 01;15,11;09/02/2026 09:30
Cirurgia 01;15,12;09/02/2026 10:00
Cirurgia 01;15,26;09/02/2026 10:30
Cirurgia 01;15,17;09/02/2026 11:00
Cirurgia 01;15,29;09/02/2026 11:30
Cirurgia 01;15,30;09/02/2026 12:00
Cirurgia 01;15,29;09/02/2026 12:30
Cirurgia 01;15,30;09/02/2026 13:00
Cirurgia 01;15,06;09/02/2026 13:30
Cirurgia 01;15,31;09/02/2026 14:00
Cirurgia 01;15,24;09/02/2026 14:30
Cirurgia 01;15,28;09/02/2026 15:00
Cirurgia 01;15,37;09/02/2026 15:30
Cirurgia 01;15,31;09/02/2026 16:00
Cirurgia 01;15,14;09/02/2026 16:30
Cirurgia 01;15,24;09/02/2026 17:00
Cirurgia 01;15,19;09/02/2026 17:30
Cirurgia 01;15,32;09/02/2026 18:00
Cirurgia 01;15,28;09/02/2026 18:30
Cirurgia 01;15,26;09/02/2026 19:00
Cirurgia 01;15,27;09/02/2026 19:30
Cirurgia 01;15,19;09/02/2026 20:00
Cirurgia 01;15,20;09/02/2026 20:30
Cirurgia 01;15,07;09/02/2026 21:00
Cirurgia 01;15,31;09/02/2026 21:30
Cirurgia 01;15,19;09/02/2026 22:00
Cirurgia 01;15,16;09/02/2026 22:30
Cirurgia 01;15,15;09/02/2026 23:00
Cirurgia 01;15,03;09/02/2026 23:30
Cirurgia 01;15,08;10/02/2026 00:00
Cirurgia 01;15,11;10/02/2026 00:30
Cirurgia 01;15,14;10/02/2026 01:00
Cirurgia 01;15,18;10/02/2026 01:30
Cirurgia 01;15,13;10/02/2026 02:00
Cirurgia 01;15,13;10/02/2026 02:30
Cirurgia 01;15,09;10/02/2026 03:00
Cirurgia 01;15,16;10/02/2026 03:30
Cirurgia 01;15,18;10/02/2026 04:00
Cirurgia 01;15,21;10/02/2026 04:30
Cirurgia 01;15,16;10/02/2026 05:00
Cirurgia 01;15,18;10/02/2026 05:30
Cirurgia 01;15,06;10/02/2026 06:00
Cirurgia 01;15,14;10/02/2026 06:30
Cirurgia 01;15,14;10/02/2026 07:00
Cirurgia 01;15,19;10/02/2026 07:30
Cirurgia 01;15,12;10/02/2026 08:00
Cirurgia 01;15,26;10/02/2026 08:30
Cirurgia 01;15,24;10/02/2026 09:00
Cirurgia 01;15,19;10/02/2026 09:30
Cirurgia 01;15,05;10/02/2026 10:00
Cirurgia 01;15,18;10/02/2026 10:30
Cirurgia 01;15,07;10/02/2026 11:00
Cirurgia 01;15,13;10/02/2026 11:30
Cirurgia 01;15,21;10/02/2026 12:00
Cirurgia 01;15,34;10/02/2026 12:30
Cirurgia 01;15,16;10/02/2026 13:00
Cirurgia 01;15,11;10/02/2026 13:30
Cirurgia 01;15,05;10/02/2026 14:00
Cirurgia 01;15,17;10/02/2026 14:30
Cirurgia 01;15,26;10/02/2026 15:00
Cirurgia 01;15,33;10/02/2026 15:30
Cirurgia 01;15,17;10/02/2026 16:00
Cirurgia 01;15,19;10/02/2026 16:30
Cirurgia 01;15,18;10/02/2026 17:00
Cirurgia 01;15,29;10/02/2026 17:30
Cirurgia 01;15,32;10/02/2026 18:00
Cirurgia 01;15,33;10/02/2026 18:30
Cirurgia 01;15,13;10/02/2026 19:00
Cirurgia 01;15,11;10/02/2026 19:30
Cirurgia 01;15,15;10/02/2026 20:00
Cirurgia 01;15,24;10/02/2026 20:30
Cirurgia 01;15,13;10/02/2026 21:00
Cirurgia 01;15,32;10/02/2026 21:30
Cirurgia 01;15,30;10/02/2026 22:00
Cirurgia 01;15,22;10/02/2026 22:30
Cirurgia 01;15,31;10/02/2026 23:00
Cirurgia 01;15,31;10/02/2026 23:30
Cirurgia 01;15,28;11/02/2026 00:00
Cirurgia 01;15,28;11/02/2026 00:30
Cirurgia 01;15,35;11/02/2026 01:00
Cirurgia 01;15,17;11/02/2026 01:30
Cirurgia 01;15,19;11/02/2026 02:00
Cirurgia 01;15,16;11/02/2026 02:30
Cirurgia 01;15,18;11/02/2026 03:00
Cirurgia 01;15,26;11/02/2026 03:30
Cirurgia 01;15,26;11/02/2026 04:00
Cirurgia 01;15,25;11/02/2026 04:30
Cirurgia 01;15,34;11/02/2026 05:00
Cirurgia 01;15,34;11/02/2026 05:30
Cirurgia 01;15,28;11/02/2026 06:00
Cirurgia 01;15,43;11/02/2026 06:30
Cirurgia 01;15,19;11/02/2026 07:00
Cirurgia 01;15,27;11/02/2026 07:30
Cirurgia 01;15,22;11/02/2026 08:00
Cirurgia 01;15,16;11/02/2026 08:30
Cirurgia 01;15,27;11/02/2026 09:00
Cirurgia 01;15,22;11/02/2026 09:30
Cirurgia 01;15,14;11/02/2026 10:00
Cirurgia 01;15,23;11/02/2026 10:30
Cirurgia 01;15,21;11/02/2026 11:00
Cirurgia 01;15,34;11/02/2026 11:30
Cirurgia 01;15,21;11/02/2026 12:00
Cirurgia 01;15,14;11/02/2026 12:30
Cirurgia 01;15,20;11/02/2026 13:00
Cirurgia 01;15,21;11/02/2026 13:30
Cirurgia 01;15,19;11/02/2026 14:00
Cirurgia 01;15,25;11/02/2026 14:30
Cirurgia 01;15,26;11/02/2026 15:00
Cirurgia 01;15,17;11/02/2026 15:30
Cirurgia 01;15,27;11/02/2026 16:00
Cirurgia 01;15,36;11/02/2026 16:30
Cirurgia 01;15,23;11/02/2026 17:00
Cirurgia 01;15,38;11/02/2026 17:30
Cirurgia 01;15,21;11/02/2026 18:00
Cirurgia 01;15,12;11/02/2026 18:30
Cirurgia 01;15,29;11/02/2026 19:00
Cirurgia 01;15,30;11/02/2026 19:30
Cirurgia 01;15,33;11/02/2026 20:00
Cirurgia 01;15,38;11/02/2026 20:30
Cirurgia 01;15,33;11/02/2026 21:00
Cirurgia 01;15,08;11/02/2026 21:30
Cirurgia 01;15,28;11/02/2026 22:00
Cirurgia 01;15,20;11/02/2026 22:30
Cirurgia 01;15,19;11/02/2026 23:00
Cirurgia 01;15,29;11/02/2026 23:30
Cirurgia 02;15,97;09/02/2026 00:00
Cirurgia 02;15,96;09/02/2026 00:30
Cirurgia 02;15,96;09/02/2026 01:00
Cirurgia 02;16,00;09/02/2026 01:30
Cirurgia 02;16,00;09/02/2026 02:00
Cirurgia 02;15,96;09/02/2026 02:30
Cirurgia 02;16,00;09/02/2026 03:00
Cirurgia 02;15,03;09/02/2026 03:30
Cirurgia 02;16,00;09/02/2026 04:00
Cirurgia 02;16,00;09/02/2026 04:30
Cirurgia 02;16,00;09/02/2026 05:00
Cirurgia 02;15,97;09/02/2026 05:30
Cirurgia 02;16,00;09/02/2026 06:00
Cirurgia 02;16,00;09/02/2026 06:30
Cirurgia 02;15,97;09/02/2026 07:00
Cirurgia 02;16,00;09/02/2026 07:30
Cirurgia 02;16,00;09/02/2026 08:00
Cirurgia 02;16,00;09/02/2026 08:30
Cirurgia 02;15,03;09/02/2026 09:00
Cirurgia 02;16,00;09/02/2026 09:30
Cirurgia 02;16,00;09/02/2026 10:00
Cirurgia 02;15,97;09/02/2026 10:30
Cirurgia 02;15,96;09/02/2026 11:00
Cirurgia 02;16,00;09/02/2026 11:30
Cirurgia 02;16,00;09/02/2026 12:00
Cirurgia 02;16,00;09/02/2026 12:30
Cirurgia 02;15,96;09/02/2026 13:00
Cirurgia 02;16,00;09/02/2026 13:30
Cirurgia 02;16,00;09/02/2026 14:00
Cirurgia 02;16,00;09/02/2026 14:30
Cirurgia 02;16,00;09/02/2026 15:00
Cirurgia 02;16,00;09/02/2026 15:30
Cirurgia 02;16,00;09/02/2026 16:00
Cirurgia 02;16,00;09/02/2026 16:30
Cirurgia 02;16,00;09/02/2026 17:00
Cirurgia 02;15,04;09/02/2026 17:30
Cirurgia 02;16,00;09/02/2026 18:00
Cirurgia 02;16,00;09/02/2026 18:30
Cirurgia 02;16,00;09/02/2026 19:00
Cirurgia 02;16,00;09/02/2026 19:30
Cirurgia 02;16,00;09/02/2026 20:00
Cirurgia 02;15,97;09/02/2026 20:30
Cirurgia 02;15,97;09/02/2026 21:00
Cirurgia 02;15,97;09/02/2026 21:30
Cirurgia 02;16,00;09/02/2026 22:00
Cirurgia 02;16,00;09/02/2026 22:30
Cirurgia 02;15,03;09/02/2026 23:00
Cirurgia 02;16,00;09/02/2026 23:30
Cirurgia 02;15,03;10/02/2026 00:00
Cirurgia 02;16,00;10/02/2026 00:30
Cirurgia 02;16,00;10/02/2026 01:00
Cirurgia 02;15,06;10/02/2026 01:30
Cirurgia 02;15,03;10/02/2026 02:00
Cirurgia 02;16,00;10/02/2026 02:30
Cirurgia 02;16,00;10/02/2026 03:00
Cirurgia 02;16,00;10/02/2026 03:30
Cirurgia 02;16,00;10/02/2026 04:00
Cirurgia 02;16,00;10/02/2026 04:30
Cirurgia 02;15,05;10/02/2026 05:00
Cirurgia 02;15,08;10/02/2026 05:30
Cirurgia 02;16,00;10/02/2026 06:00
Cirurgia 02;15,03;10/02/2026 06:30
Cirurgia 02;15,96;10/02/2026 07:00
Cirurgia 02;15,06;10/02/2026 07:30
Cirurgia 02;16,00;10/02/2026 08:00
Cirurgia 02;16,00;10/02/2026 08:30
Cirurgia 02;15,95;10/02/2026 09:00
Cirurgia 02;16,00;10/02/2026 09:30
Cirurgia 02;16,00;10/02/2026 10:00
Cirurgia 02;15,97;10/02/2026 10:30
Cirurgia 02;16,00;10/02/2026 11:00
Cirurgia 02;16,00;10/02/2026 11:30
Cirurgia 02;15,93;10/02/2026 12:00
Cirurgia 02;16,00;10/02/2026 12:30
Cirurgia 02;16,00;10/02/2026 13:00
Cirurgia 02;16,00;10/02/2026 13:30
Cirurgia 02;16,00;10/02/2026 14:00
Cirurgia 02;15,03;10/02/2026 14:30
Cirurgia 02;16,00;10/02/2026 15:00
Cirurgia 02;16,00;10/02/2026 15:30
Cirurgia 02;16,00;10/02/2026 16:00
Cirurgia 02;15,97;10/02/2026 16:30
Cirurgia 02;16,00;10/02/2026 17:00
Cirurgia 02;16,00;10/02/2026 17:30
Cirurgia 02;15,97;10/02/2026 18:00
Cirurgia 02;16,00;10/02/2026 18:30
Cirurgia 02;16,00;10/02/2026 19:00
Cirurgia 02;16,00;10/02/2026 19:30
Cirurgia 02;15,03;10/02/2026 20:00
Cirurgia 02;16,00;10/02/2026 20:30
Cirurgia 02;15,97;10/02/2026 21:00
Cirurgia 02;16,00;10/02/2026 21:30
Cirurgia 02;15,03;10/02/2026 22:00
Cirurgia 02;15,03;10/02/2026 22:30
Cirurgia 02;15,96;10/02/2026 23:00
Cirurgia 02;15,97;10/02/2026 23:30
Cirurgia 02;15,04;11/02/2026 00:00
Cirurgia 02;15,97;11/02/2026 00:30
Cirurgia 02;15,97;11/02/2026 01:00
Cirurgia 02;16,00;11/02/2026 01:30
Cirurgia 02;15,06;11/02/2026 02:00
Cirurgia 02;16,00;11/02/2026 02:30
Cirurgia 02;16,00;11/02/2026 03:00
Cirurgia 02;16,00;11/02/2026 03:30
Cirurgia 02;16,00;11/02/2026 04:00
Cirurgia 02;15,97;11/02/2026 04:30
Cirurgia 02;16,00;11/02/2026 05:00
Cirurgia 02;15,98;11/02/2026 05:30
Cirurgia 02;15,03;11/02/2026 06:00
Cirurgia 02;16,00;11/02/2026 06:30
Cirurgia 02;16,00;11/02/2026 07:00
Cirurgia 02;16,00;11/02/2026 07:30
Cirurgia 02;15,93;11/02/2026 08:00
Cirurgia 02;15,94;11/02/2026 08:30
Cirurgia 02;16,00;11/02/2026 09:00
Cirurgia 02;16,00;11/02/2026 09:30
Cirurgia 02;16,00;11/02/2026 10:00
Cirurgia 02;15,04;11/02/2026 10:30
Cirurgia 02;16,00;11/02/2026 11:00
Cirurgia 02;15,07;11/02/2026 11:30
Cirurgia 02;16,00;11/02/2026 12:00
Cirurgia 02;15,03;11/02/2026 12:30
Cirurgia 02;16,00;11/02/2026 13:00
Cirurgia 02;16,00;11/02/2026 13:30
Cirurgia 02;16,00;11/02/2026 14:00
Cirurgia 02;16,00;11/02/2026 14:30
Cirurgia 02;16,00;11/02/2026 15:00
Cirurgia 02;16,00;11/02/2026 15:30
Cirurgia 02;16,00;11/02/2026 16:00
Cirurgia 02;16,00;11/02/2026 16:30
Cirurgia 02;16,00;11/02/2026 17:00
Cirurgia 02;15,96;11/02/2026 17:30
Cirurgia 02;15,97;11/02/2026 18:00
Cirurgia 02;16,00;11/02/2026 18:30
Cirurgia 02;16,00;11/02/2026 19:00
Cirurgia 02;15,96;11/02/2026 19:30
Cirurgia 02;16,00;11/02/2026 20:00
Cirurgia 02;15,03;11/02/2026 20:30
Cirurgia 02;15,96;11/02/2026 21:00
Cirurgia 02;16,00;11/02/2026 21:30
Cirurgia 02;16,00;11/02/2026 22:00
Cirurgia 02;16,00;11/02/2026 22:30
Cirurgia 02;16,00;11/02/2026 23:00
Cirurgia 02;16,00;11/02/2026 23:30
Cirurgia 03;16,45;09/02/2026 00:00
Cirurgia 03;16,56;09/02/2026 00:30
Cirurgia 03;15,92;09/02/2026 01:00
Cirurgia 03;16,29;09/02/2026 01:30
Cirurgia 03;15,94;09/02/2026 02:00
Cirurgia 03;16,07;09/02/2026 02:30
Cirurgia 03;15,90;09/02/2026 03:00
Cirurgia 03;15,96;09/02/2026 03:30
Cirurgia 03;15,98;09/02/2026 04:00
Cirurgia 03;15,84;09/02/2026 04:30
Cirurgia 03;15,88;09/02/2026 05:00
Cirurgia 03;15,88;09/02/2026 05:30
Cirurgia 03;15,83;09/02/2026 06:00
Cirurgia 03;15,93;09/02/2026 06:30
Cirurgia 03;15,94;09/02/2026 07:00
Cirurgia 03;15,93;09/02/2026 07:30
Cirurgia 03;15,87;09/02/2026 08:00
Cirurgia 03;15,91;09/02/2026 08:30
Cirurgia 03;15,91;09/02/2026 09:00
Cirurgia 03;16,20;09/02/2026 09:30
Cirurgia 03;16,62;09/02/2026 10:00
Cirurgia 03;15,97;09/02/2026 10:30
Cirurgia 03;15,95;09/02/2026 11:00
Cirurgia 03;15,85;09/02/2026 11:30
Cirurgia 03;15,81;09/02/2026 12:00
Cirurgia 03;15,92;09/02/2026 12:30
Cirurgia 03;15,89;09/02/2026 13:00
Cirurgia 03;15,90;09/02/2026 13:30
Cirurgia 03;15,91;09/02/2026 14:00
Cirurgia 03;15,97;09/02/2026 14:30
Cirurgia 03;16,98;09/02/2026 15:00
Cirurgia 03;15,96;09/02/2026 15:30
Cirurgia 03;15,94;09/02/2026 16:00
Cirurgia 03;15,91;09/02/2026 16:30
Cirurgia 03;15,89;09/02/2026 17:00
Cirurgia 03;15,90;09/02/2026 17:30
Cirurgia 03;15,96;09/02/2026 18:00
Cirurgia 03;15,79;09/02/2026 18:30
Cirurgia 03;15,95;09/02/2026 19:00
Cirurgia 03;15,86;09/02/2026 19:30
Cirurgia 03;15,88;09/02/2026 20:00
Cirurgia 03;15,92;09/02/2026 20:30
Cirurgia 03;15,97;09/02/2026 21:00
Cirurgia 03;15,82;09/02/2026 21:30
Cirurgia 03;15,85;09/02/2026 22:00
Cirurgia 03;15,83;09/02/2026 22:30
Cirurgia 03;15,96;09/02/2026 23:00
Cirurgia 03;15,97;09/02/2026 23:30
Cirurgia 03;15,93;10/02/2026 00:00
Cirurgia 03;15,89;10/02/2026 00:30
Cirurgia 03;15,97;10/02/2026 01:00
Cirurgia 03;15,80;10/02/2026 01:30
Cirurgia 03;15,91;10/02/2026 02:00
Cirurgia 03;15,73;10/02/2026 02:30
Cirurgia 03;15,88;10/02/2026 03:00
Cirurgia 03;15,93;10/02/2026 03:30
Cirurgia 03;15,93;10/02/2026 04:00
Cirurgia 03;15,81;10/02/2026 04:30
Cirurgia 03;15,78;10/02/2026 05:00
Cirurgia 03;15,85;10/02/2026 05:30
Cirurgia 03;15,92;10/02/2026 06:00
Cirurgia 03;15,93;10/02/2026 06:30
Cirurgia 03;15,82;10/02/2026 07:00
Cirurgia 03;15,90;10/02/2026 07:30
Cirurgia 03;15,84;10/02/2026 08:00
Cirurgia 03;15,98;10/02/2026 08:30
Cirurgia 03;15,97;10/02/2026 09:00
Cirurgia 03;15,97;10/02/2026 09:30
Cirurgia 03;15,91;10/02/2026 10:00
Cirurgia 03;15,86;10/02/2026 10:30
Cirurgia 03;15,94;10/02/2026 11:00
Cirurgia 03;15,83;10/02/2026 11:30
Cirurgia 03;15,93;10/02/2026 12:00
Cirurgia 03;16,14;10/02/2026 12:30
Cirurgia 03;15,88;10/02/2026 13:00
Cirurgia 03;15,88;10/02/2026 13:30
Cirurgia 03;15,90;10/02/2026 14:00
Cirurgia 03;15,95;10/02/2026 14:30
Cirurgia 03;15,90;10/02/2026 15:00
Cirurgia 03;15,91;10/02/2026 15:30
Cirurgia 03;15,93;10/02/2026 16:00
Cirurgia 03;15,89;10/02/2026 16:30
Cirurgia 03;15,97;10/02/2026 17:00
Cirurgia 03;15,91;10/02/2026 17:30
Cirurgia 03;15,94;10/02/2026 18:00
Cirurgia 03;15,97;10/02/2026 18:30
Cirurgia 03;15,79;10/02/2026 19:00
Cirurgia 03;15,95;10/02/2026 19:30
Cirurgia 03;15,93;10/02/2026 20:00
Cirurgia 03;15,81;10/02/2026 20:30
Cirurgia 03;15,93;10/02/2026 21:00
Cirurgia 03;15,82;10/02/2026 21:30
Cirurgia 03;15,94;10/02/2026 22:00
Cirurgia 03;15,90;10/02/2026 22:30
Cirurgia 03;15,79;10/02/2026 23:00
Cirurgia 03;15,96;10/02/2026 23:30
Cirurgia 03;15,85;11/02/2026 00:00
Cirurgia 03;15,84;11/02/2026 00:30
Cirurgia 03;15,86;11/02/2026 01:00
Cirurgia 03;15,94;11/02/2026 01:30
Cirurgia 03;15,96;11/02/2026 02:00
Cirurgia 03;15,91;11/02/2026 02:30
Cirurgia 03;15,97;11/02/2026 03:00
Cirurgia 03;15,90;11/02/2026 03:30
Cirurgia 03;15,95;11/02/2026 04:00
Cirurgia 03;15,77;11/02/2026 04:30
Cirurgia 03;15,89;11/02/2026 05:00
Cirurgia 03;15,82;11/02/2026 05:30
Cirurgia 03;16,40;11/02/2026 06:00
Cirurgia 03;15,94;11/02/2026 06:30
Cirurgia 03;15,97;11/02/2026 07:00
Cirurgia 03;15,97;11/02/2026 07:30
Cirurgia 03;15,89;11/02/2026 08:00
Cirurgia 03;15,86;11/02/2026 08:30
Cirurgia 03;15,89;11/02/2026 09:00
Cirurgia 03;15,96;11/02/2026 09:30
Cirurgia 03;15,95;11/02/2026 10:00
Cirurgia 03;15,94;11/02/2026 10:30
Cirurgia 03;15,92;11/02/2026 11:00
Cirurgia 03;15,91;11/02/2026 11:30
Cirurgia 03;15,94;11/02/2026 12:00
Cirurgia 03;15,87;11/02/2026 12:30
Cirurgia 03;15,93;11/02/2026 13:00
Cirurgia 03;16,58;11/02/2026 13:30
Cirurgia 03;15,86;11/02/2026 14:00
Cirurgia 03;15,97;11/02/2026 14:30
Cirurgia 03;16,89;11/02/2026 15:00
Cirurgia 03;15,85;11/02/2026 15:30
Cirurgia 03;15,96;11/02/2026 16:00
Cirurgia 03;15,93;11/02/2026 16:30
Cirurgia 03;15,92;11/02/2026 17:00
Cirurgia 03;15,93;11/02/2026 17:30
Cirurgia 03;15,89;11/02/2026 18:00
Cirurgia 03;15,97;11/02/2026 18:30
Cirurgia 03;15,81;11/02/2026 19:00
Cirurgia 03;15,91;11/02/2026 19:30
Cirurgia 03;15,88;11/02/2026 20:00
Cirurgia 03;15,91;11/02/2026 20:30
Cirurgia 03;15,85;11/02/2026 21:00
Cirurgia 03;15,77;11/02/2026 21:30
Cirurgia 03;15,90;11/02/2026 22:00
Cirurgia 03;15,76;11/02/2026 22:30
Cirurgia 03;15,78;11/02/2026 23:00
Cirurgia 03;15,79;11/02/2026 23:30
Cirurgia 04;19,28;09/02/2026 00:00
Cirurgia 04;19,69;09/02/2026 00:30
Cirurgia 04;17,83;09/02/2026 01:00
Cirurgia 04;18,17;09/02/2026 01:30
Cirurgia 04;16,89;09/02/2026 02:00
Cirurgia 04;17,59;09/02/2026 02:30
Cirurgia 04;16,47;09/02/2026 03:00
Cirurgia 04;16,61;09/02/2026 03:30
Cirurgia 04;16,08;09/02/2026 04:00
Cirurgia 04;16,03;09/02/2026 04:30
Cirurgia 04;16,40;09/02/2026 05:00
Cirurgia 04;16,41;09/02/2026 05:30
Cirurgia 04;16,27;09/02/2026 06:00
Cirurgia 04;16,95;09/02/2026 06:30
Cirurgia 04;16,32;09/02/2026 07:00
Cirurgia 04;16,50;09/02/2026 07:30
Cirurgia 04;16,21;09/02/2026 08:00
Cirurgia 04;16,04;09/02/2026 08:30
Cirurgia 04;16,39;09/02/2026 09:00
Cirurgia 04;16,04;09/02/2026 09:30
Cirurgia 04;16,97;09/02/2026 10:00
Cirurgia 04;16,10;09/02/2026 10:30
Cirurgia 04;16,26;09/02/2026 11:00
Cirurgia 04;17,09;09/02/2026 11:30
Cirurgia 04;17,03;09/02/2026 12:00
Cirurgia 04;17,35;09/02/2026 12:30
Cirurgia 04;17,87;09/02/2026 13:00
Cirurgia 04;16,82;09/02/2026 13:30
Cirurgia 04;17,16;09/02/2026 14:00
Cirurgia 04;16,40;09/02/2026 14:30
Cirurgia 04;17,02;09/02/2026 15:00
Cirurgia 04;16,49;09/02/2026 15:30
Cirurgia 04;16,24;09/02/2026 16:00
Cirurgia 04;16,50;09/02/2026 16:30
Cirurgia 04;16,98;09/02/2026 17:00
Cirurgia 04;16,24;09/02/2026 17:30
Cirurgia 04;16,58;09/02/2026 18:00
Cirurgia 04;16,50;09/02/2026 18:30
Cirurgia 04;16,42;09/02/2026 19:00
Cirurgia 04;17,29;09/02/2026 19:30
Cirurgia 04;17,48;09/02/2026 20:00
Cirurgia 04;17,62;09/02/2026 20:30
Cirurgia 04;17,98;09/02/2026 21:00
Cirurgia 04;18,27;09/02/2026 21:30
Cirurgia 04;18,79;09/02/2026 22:00
Cirurgia 04;18,74;09/02/2026 22:30
Cirurgia 04;17,84;09/02/2026 23:00
Cirurgia 04;17,59;09/02/2026 23:30
Cirurgia 04;17,26;10/02/2026 00:00
Cirurgia 04;17,49;10/02/2026 00:30
Cirurgia 04;16,88;10/02/2026 01:00
Cirurgia 04;16,29;10/02/2026 01:30
Cirurgia 04;16,40;10/02/2026 02:00
Cirurgia 04;16,74;10/02/2026 02:30
Cirurgia 04;16,59;10/02/2026 03:00
Cirurgia 04;16,99;10/02/2026 03:30
Cirurgia 04;16,76;10/02/2026 04:00
Cirurgia 04;16,90;10/02/2026 04:30
Cirurgia 04;16,78;10/02/2026 05:00
Cirurgia 04;16,85;10/02/2026 05:30
Cirurgia 04;16,52;10/02/2026 06:00
Cirurgia 04;17,00;10/02/2026 06:30
Cirurgia 04;16,14;10/02/2026 07:00
Cirurgia 04;17,19;10/02/2026 07:30
Cirurgia 04;17,03;10/02/2026 08:00
Cirurgia 04;16,26;10/02/2026 08:30
Cirurgia 04;16,25;10/02/2026 09:00
Cirurgia 04;16,76;10/02/2026 09:30
Cirurgia 04;17,04;10/02/2026 10:00
Cirurgia 04;17,32;10/02/2026 10:30
Cirurgia 04;17,39;10/02/2026 11:00
Cirurgia 04;18,92;10/02/2026 11:30
Cirurgia 04;17,31;10/02/2026 12:00
Cirurgia 04;16,85;10/02/2026 12:30
Cirurgia 04;18,63;10/02/2026 13:00
Cirurgia 04;16,25;10/02/2026 13:30
Cirurgia 04;16,52;10/02/2026 14:00
Cirurgia 04;17,61;10/02/2026 14:30
Cirurgia 04;16,94;10/02/2026 15:00
Cirurgia 04;16,35;10/02/2026 15:30
Cirurgia 04;16,57;10/02/2026 16:00
Cirurgia 04;17,31;10/02/2026 16:30
Cirurgia 04;18,36;10/02/2026 17:00
Cirurgia 04;17,63;10/02/2026 17:30
Cirurgia 04;17,92;10/02/2026 18:00
Cirurgia 04;17,55;10/02/2026 18:30
Cirurgia 04;17,13;10/02/2026 19:00
Cirurgia 04;17,80;10/02/2026 19:30
Cirurgia 04;16,88;10/02/2026 20:00
Cirurgia 04;16,95;10/02/2026 20:30
Cirurgia 04;16,86;10/02/2026 21:00
Cirurgia 04;18,09;10/02/2026 21:30
Cirurgia 04;17,84;10/02/2026 22:00
Cirurgia 04;18,22;10/02/2026 22:30
Cirurgia 04;17,00;10/02/2026 23:00
Cirurgia 04;16,03;10/02/2026 23:30
Cirurgia 04;16,53;11/02/2026 00:00
Cirurgia 04;16,35;11/02/2026 00:30
Cirurgia 04;16,71;11/02/2026 01:00
Cirurgia 04;16,17;11/02/2026 01:30
Cirurgia 04;16,56;11/02/2026 02:00
Cirurgia 04;16,62;11/02/2026 02:30
Cirurgia 04;16,93;11/02/2026 03:00
Cirurgia 04;16,66;11/02/2026 03:30
Cirurgia 04;16,43;11/02/2026 04:00
Cirurgia 04;16,50;11/02/2026 04:30
Cirurgia 04;16,97;11/02/2026 05:00
Cirurgia 04;16,05;11/02/2026 05:30
Cirurgia 04;16,78;11/02/2026 06:00
Cirurgia 04;16,94;11/02/2026 06:30
Cirurgia 04;16,46;11/02/2026 07:00
Cirurgia 04;16,91;11/02/2026 07:30
Cirurgia 04;16,11;11/02/2026 08:00
Cirurgia 04;16,43;11/02/2026 08:30
Cirurgia 04;16,05;11/02/2026 09:00
Cirurgia 04;16,69;11/02/2026 09:30
Cirurgia 04;16,11;11/02/2026 10:00
Cirurgia 04;16,65;11/02/2026 10:30
Cirurgia 04;17,84;11/02/2026 11:00
Cirurgia 04;17,43;11/02/2026 11:30
Cirurgia 04;16,55;11/02/2026 12:00
Cirurgia 04;17,29;11/02/2026 12:30
Cirurgia 04;17,30;11/02/2026 13:00
Cirurgia 04;17,53;11/02/2026 13:30
Cirurgia 04;17,21;11/02/2026 14:00
Cirurgia 04;18,56;11/02/2026 14:30
Cirurgia 04;17,95;11/02/2026 15:00
Cirurgia 04;17,90;11/02/2026 15:30
Cirurgia 04;18,48;11/02/2026 16:00
Cirurgia 04;19,18;11/02/2026 16:30
Cirurgia 04;18,63;11/02/2026 17:00
Cirurgia 04;19,43;11/02/2026 17:30
Cirurgia 04;19,05;11/02/2026 18:00
Cirurgia 04;18,09;11/02/2026 18:30
Cirurgia 04;19,91;11/02/2026 19:00
Cirurgia 04;20,46;11/02/2026 19:30
Cirurgia 04;18,42;11/02/2026 20:00
Cirurgia 04;19,73;11/02/2026 20:30
Cirurgia 04;20,19;11/02/2026 21:00
Cirurgia 04;18,76;11/02/2026 21:30
Cirurgia 04;17,60;11/02/2026 22:00
Cirurgia 04;16,71;11/02/2026 22:30
Cirurgia 04;17,84;11/02/2026 23:00
Cirurgia 04;17,78;11/02/2026 23:30
Cirurgia 05;16,00;09/02/2026 00:00
Cirurgia 05;15,05;09/02/2026 00:30
Cirurgia 05;15,05;09/02/2026 01:00
Cirurgia 05;15,04;09/02/2026 01:30
Cirurgia 05;16,00;09/02/2026 02:00
Cirurgia 05;16,00;09/02/2026 02:30
Cirurgia 05;15,13;09/02/2026 03:00
Cirurgia 05;15,96;09/02/2026 03:30
Cirurgia 05;16,00;09/02/2026 04:00
Cirurgia 05;16,00;09/02/2026 04:30
Cirurgia 05;16,00;09/02/2026 05:00
Cirurgia 05;16,00;09/02/2026 05:30
Cirurgia 05;15,04;09/02/2026 06:00
Cirurgia 05;16,00;09/02/2026 06:30
Cirurgia 05;16,00;09/02/2026 07:00
Cirurgia 05;16,00;09/02/2026 07:30
Cirurgia 05;15,08;09/02/2026 08:00
Cirurgia 05;16,00;09/02/2026 08:30
Cirurgia 05;15,17;09/02/2026 09:00
Cirurgia 05;15,13;09/02/2026 09:30
Cirurgia 05;15,25;09/02/2026 10:00
Cirurgia 05;15,07;09/02/2026 10:30
Cirurgia 05;15,19;09/02/2026 11:00
Cirurgia 05;15,20;09/02/2026 11:30
Cirurgia 05;15,22;09/02/2026 12:00
Cirurgia 05;15,09;09/02/2026 12:30
Cirurgia 05;15,24;09/02/2026 13:00
Cirurgia 05;15,04;09/02/2026 13:30
Cirurgia 05;15,18;09/02/2026 14:00
Cirurgia 05;15,13;09/02/2026 14:30
Cirurgia 05;15,23;09/02/2026 15:00
Cirurgia 05;15,31;09/02/2026 15:30
Cirurgia 05;15,29;09/02/2026 16:00
Cirurgia 05;15,37;09/02/2026 16:30
Cirurgia 05;16,00;09/02/2026 17:00
Cirurgia 05;15,27;09/02/2026 17:30
Cirurgia 05;15,19;09/02/2026 18:00
Cirurgia 05;15,21;09/02/2026 18:30
Cirurgia 05;15,38;09/02/2026 19:00
Cirurgia 05;15,28;09/02/2026 19:30
Cirurgia 05;15,25;09/02/2026 20:00
Cirurgia 05;15,15;09/02/2026 20:30
Cirurgia 05;15,33;09/02/2026 21:00
Cirurgia 05;15,28;09/02/2026 21:30
Cirurgia 05;15,27;09/02/2026 22:00
Cirurgia 05;15,28;09/02/2026 22:30
Cirurgia 05;15,32;09/02/2026 23:00
Cirurgia 05;15,41;09/02/2026 23:30
Cirurgia 05;15,36;10/02/2026 00:00
Cirurgia 05;15,30;10/02/2026 00:30
Cirurgia 05;15,14;10/02/2026 01:00
Cirurgia 05;15,25;10/02/2026 01:30
Cirurgia 05;15,28;10/02/2026 02:00
Cirurgia 05;15,32;10/02/2026 02:30
Cirurgia 05;15,48;10/02/2026 03:00
Cirurgia 05;15,19;10/02/2026 03:30
Cirurgia 05;15,23;10/02/2026 04:00
Cirurgia 05;15,30;10/02/2026 04:30
Cirurgia 05;15,13;10/02/2026 05:00
Cirurgia 05;15,35;10/02/2026 05:30
Cirurgia 05;15,27;10/02/2026 06:00
Cirurgia 05;15,25;10/02/2026 06:30
Cirurgia 05;15,24;10/02/2026 07:00
Cirurgia 05;15,16;10/02/2026 07:30
Cirurgia 05;15,20;10/02/2026 08:00
Cirurgia 05;15,33;10/02/2026 08:30
Cirurgia 05;15,28;10/02/2026 09:00
Cirurgia 05;15,45;10/02/2026 09:30
Cirurgia 05;15,45;10/02/2026 10:00
Cirurgia 05;15,37;10/02/2026 10:30
Cirurgia 05;15,32;10/02/2026 11:00
Cirurgia 05;15,20;10/02/2026 11:30
Cirurgia 05;15,14;10/02/2026 12:00
Cirurgia 05;15,47;10/02/2026 12:30
Cirurgia 05;15,45;10/02/2026 13:00
Cirurgia 05;15,30;10/02/2026 13:30
Cirurgia 05;15,27;10/02/2026 14:00
Cirurgia 05;15,29;10/02/2026 14:30
Cirurgia 05;15,28;10/02/2026 15:00
Cirurgia 05;15,20;10/02/2026 15:30
Cirurgia 05;15,29;10/02/2026 16:00
Cirurgia 05;15,23;10/02/2026 16:30
Cirurgia 05;15,35;10/02/2026 17:00
Cirurgia 05;15,40;10/02/2026 17:30
Cirurgia 05;15,45;10/02/2026 18:00
Cirurgia 05;15,47;10/02/2026 18:30
Cirurgia 05;15,29;10/02/2026 19:00
Cirurgia 05;15,32;10/02/2026 19:30
Cirurgia 05;15,25;10/02/2026 20:00
Cirurgia 05;15,40;10/02/2026 20:30
Cirurgia 05;15,38;10/02/2026 21:00
Cirurgia 05;15,40;10/02/2026 21:30
Cirurgia 05;15,33;10/02/2026 22:00
Cirurgia 05;15,52;10/02/2026 22:30
Cirurgia 05;15,36;10/02/2026 23:00
Cirurgia 05;15,41;10/02/2026 23:30
Cirurgia 05;15,57;11/02/2026 00:00
Cirurgia 05;15,29;11/02/2026 00:30
Cirurgia 05;15,42;11/02/2026 01:00
Cirurgia 05;15,39;11/02/2026 01:30
Cirurgia 05;15,27;11/02/2026 02:00
Cirurgia 05;15,44;11/02/2026 02:30
Cirurgia 05;15,37;11/02/2026 03:00
Cirurgia 05;15,42;11/02/2026 03:30
Cirurgia 05;15,28;11/02/2026 04:00
Cirurgia 05;15,41;11/02/2026 04:30
Cirurgia 05;15,44;11/02/2026 05:00
Cirurgia 05;15,43;11/02/2026 05:30
Cirurgia 05;15,26;11/02/2026 06:00
Cirurgia 05;15,48;11/02/2026 06:30
Cirurgia 05;15,28;11/02/2026 07:00
Cirurgia 05;15,45;11/02/2026 07:30
Cirurgia 05;15,35;11/02/2026 08:00
Cirurgia 05;15,52;11/02/2026 08:30
Cirurgia 05;15,35;11/02/2026 09:00
Cirurgia 05;15,64;11/02/2026 09:30
Cirurgia 05;15,52;11/02/2026 10:00
Cirurgia 05;15,64;11/02/2026 10:30
Cirurgia 05;15,25;11/02/2026 11:00
Cirurgia 05;15,43;11/02/2026 11:30
Cirurgia 05;15,58;11/02/2026 12:00
Cirurgia 05;15,48;11/02/2026 12:30
Cirurgia 05;15,56;11/02/2026 13:00
Cirurgia 05;15,62;11/02/2026 13:30
Cirurgia 05;15,44;11/02/2026 14:00
Cirurgia 05;15,50;11/02/2026 14:30
Cirurgia 05;15,52;11/02/2026 15:00
Cirurgia 05;15,47;11/02/2026 15:30
Cirurgia 05;15,42;11/02/2026 16:00
Cirurgia 05;15,59;11/02/2026 16:30
Cirurgia 05;15,55;11/02/2026 17:00
Cirurgia 05;15,60;11/02/2026 17:30
Cirurgia 05;15,50;11/02/2026 18:00
Cirurgia 05;15,52;11/02/2026 18:30
Cirurgia 05;15,47;11/02/2026 19:00
Cirurgia 05;15,50;11/02/2026 19:30
Cirurgia 05;15,54;11/02/2026 20:00
Cirurgia 05;15,39;11/02/2026 20:30
Cirurgia 05;15,47;11/02/2026 21:00
Cirurgia 05;15,56;11/02/2026 21:30
Cirurgia 05;15,46;11/02/2026 22:00
Cirurgia 05;15,20;11/02/2026 22:30
Cirurgia 05;15,41;11/02/2026 23:00
Cirurgia 05;15,64;11/02/2026 23:30
Cirurgia 06;15,54;09/02/2026 00:00
Cirurgia 06;15,35;09/02/2026 00:30
Cirurgia 06;15,53;09/02/2026 01:00
Cirurgia 06;15,44;09/02/2026 01:30
Cirurgia 06;15,43;09/02/2026 02:00
Cirurgia 06;15,46;09/02/2026 02:30
Cirurgia 06;15,62;09/02/2026 03:00
Cirurgia 06;15,59;09/02/2026 03:30
Cirurgia 06;15,54;09/02/2026 04:00
Cirurgia 06;15,42;09/02/2026 04:30
Cirurgia 06;15,50;09/02/2026 05:00
Cirurgia 06;15,37;09/02/2026 05:30
Cirurgia 06;15,94;09/02/2026 06:00
Cirurgia 06;15,37;09/02/2026 06:30
Cirurgia 06;15,39;09/02/2026 07:00
Cirurgia 06;15,67;09/02/2026 07:30
Cirurgia 06;15,52;09/02/2026 08:00
Cirurgia 06;15,55;09/02/2026 08:30
Cirurgia 06;15,43;09/02/2026 09:00
Cirurgia 06;15,37;09/02/2026 09:30
Cirurgia 06;15,48;09/02/2026 10:00
Cirurgia 06;15,50;09/02/2026 10:30
Cirurgia 06;15,47;09/02/2026 11:00
Cirurgia 06;15,51;09/02/2026 11:30
Cirurgia 06;15,30;09/02/2026 12:00
Cirurgia 06;15,49;09/02/2026 12:30
Cirurgia 06;15,42;09/02/2026 13:00
Cirurgia 06;15,43;09/02/2026 13:30
Cirurgia 06;15,52;09/02/2026 14:00
Cirurgia 06;15,55;09/02/2026 14:30
Cirurgia 06;15,27;09/02/2026 15:00
Cirurgia 06;15,58;09/02/2026 15:30
Cirurgia 06;15,50;09/02/2026 16:00
Cirurgia 06;15,50;09/02/2026 16:30
Cirurgia 06;15,33;09/02/2026 17:00
Cirurgia 06;15,31;09/02/2026 17:30
Cirurgia 06;15,62;09/02/2026 18:00
Cirurgia 06;15,21;09/02/2026 18:30
Cirurgia 06;15,52;09/02/2026 19:00
Cirurgia 06;15,64;09/02/2026 19:30
Cirurgia 06;15,48;09/02/2026 20:00
Cirurgia 06;15,39;09/02/2026 20:30
Cirurgia 06;15,31;09/02/2026 21:00
Cirurgia 06;15,44;09/02/2026 21:30
Cirurgia 06;15,38;09/02/2026 22:00
Cirurgia 06;15,61;09/02/2026 22:30
Cirurgia 06;15,62;09/02/2026 23:00
Cirurgia 06;15,35;09/02/2026 23:30
Cirurgia 06;15,54;10/02/2026 00:00
Cirurgia 06;15,47;10/02/2026 00:30
Cirurgia 06;15,57;10/02/2026 01:00
Cirurgia 06;15,19;10/02/2026 01:30
Cirurgia 06;15,14;10/02/2026 02:00
Cirurgia 06;15,44;10/02/2026 02:30
Cirurgia 06;15,70;10/02/2026 03:00
Cirurgia 06;15,40;10/02/2026 03:30
Cirurgia 06;15,60;10/02/2026 04:00
Cirurgia 06;15,48;10/02/2026 04:30
Cirurgia 06;15,29;10/02/2026 05:00
Cirurgia 06;15,43;10/02/2026 05:30
Cirurgia 06;15,53;10/02/2026 06:00
Cirurgia 06;15,40;10/02/2026 06:30
Cirurgia 06;15,17;10/02/2026 07:00
Cirurgia 06;15,50;10/02/2026 07:30
Cirurgia 06;15,54;10/02/2026 08:00
Cirurgia 06;15,40;10/02/2026 08:30
Cirurgia 06;15,36;10/02/2026 09:00
Cirurgia 06;15,24;10/02/2026 09:30
Cirurgia 06;15,52;10/02/2026 10:00
Cirurgia 06;15,70;10/02/2026 10:30
Cirurgia 06;15,57;10/02/2026 11:00
Cirurgia 06;15,29;10/02/2026 11:30
Cirurgia 06;15,30;10/02/2026 12:00
Cirurgia 06;15,53;10/02/2026 12:30
Cirurgia 06;15,65;10/02/2026 13:00
Cirurgia 06;15,54;10/02/2026 13:30
Cirurgia 06;15,58;10/02/2026 14:00
Cirurgia 06;15,33;10/02/2026 14:30
Cirurgia 06;15,48;10/02/2026 15:00
Cirurgia 06;15,39;10/02/2026 15:30
Cirurgia 06;15,52;10/02/2026 16:00
Cirurgia 06;15,52;10/02/2026 16:30
Cirurgia 06;15,53;10/02/2026 17:00
Cirurgia 06;15,56;10/02/2026 17:30
Cirurgia 06;15,40;10/02/2026 18:00
Cirurgia 06;15,46;10/02/2026 18:30
Cirurgia 06;15,44;10/02/2026 19:00
Cirurgia 06;15,57;10/02/2026 19:30
Cirurgia 06;15,48;10/02/2026 20:00
Cirurgia 06;15,57;10/02/2026 20:30
Cirurgia 06;15,41;10/02/2026 21:00
Cirurgia 06;15,48;10/02/2026 21:30
Cirurgia 06;15,54;10/02/2026 22:00
Cirurgia 06;15,50;10/02/2026 22:30
Cirurgia 06;15,45;10/02/2026 23:00
Cirurgia 06;15,29;10/02/2026 23:30
Cirurgia 06;15,38;11/02/2026 00:00
Cirurgia 06;15,36;11/02/2026 00:30
Cirurgia 06;15,63;11/02/2026 01:00
Cirurgia 06;15,35;11/02/2026 01:30
Cirurgia 06;15,50;11/02/2026 02:00
Cirurgia 06;15,38;11/02/2026 02:30
Cirurgia 06;15,50;11/02/2026 03:00
Cirurgia 06;15,43;11/02/2026 03:30
Cirurgia 06;15,18;11/02/2026 04:00
Cirurgia 06;15,47;11/02/2026 04:30
Cirurgia 06;15,44;11/02/2026 05:00
Cirurgia 06;15,58;11/02/2026 05:30
Cirurgia 06;15,50;11/02/2026 06:00
Cirurgia 06;15,35;11/02/2026 06:30
Cirurgia 06;15,57;11/02/2026 07:00
Cirurgia 06;15,48;11/02/2026 07:30
Cirurgia 06;15,64;11/02/2026 08:00
Cirurgia 06;15,44;11/02/2026 08:30
Cirurgia 06;15,39;11/02/2026 09:00
Cirurgia 06;15,54;11/02/2026 09:30
Cirurgia 06;15,60;11/02/2026 10:00
Cirurgia 06;15,65;11/02/2026 10:30
Cirurgia 06;15,55;11/02/2026 11:00
Cirurgia 06;15,56;11/02/2026 11:30
Cirurgia 06;15,52;11/02/2026 12:00
Cirurgia 06;15,29;11/02/2026 12:30
Cirurgia 06;15,43;11/02/2026 13:00
Cirurgia 06;15,37;11/02/2026 13:30
Cirurgia 06;15,42;11/02/2026 14:00
Cirurgia 06;15,38;11/02/2026 14:30
Cirurgia 06;15,32;11/02/2026 15:00
Cirurgia 06;15,48;11/02/2026 15:30
Cirurgia 06;15,57;11/02/2026 16:00
Cirurgia 06;15,50;11/02/2026 16:30
Cirurgia 06;15,65;11/02/2026 17:00
Cirurgia 06;15,42;11/02/2026 17:30
Cirurgia 06;15,20;11/02/2026 18:00
Cirurgia 06;15,43;11/02/2026 18:30
Cirurgia 06;15,39;11/02/2026 19:00
Cirurgia 06;15,44;11/02/2026 19:30
Cirurgia 06;15,52;11/02/2026 20:00
Cirurgia 06;15,53;11/02/2026 20:30
Cirurgia 06;15,71;11/02/2026 21:00
Cirurgia 06;15,52;11/02/2026 21:30
Cirurgia 06;15,42;11/02/2026 22:00
Cirurgia 06;15,50;11/02/2026 22:30
Cirurgia 06;15,47;11/02/2026 23:00
Cirurgia 06;15,14;11/02/2026 23:30
Cirurgia 07;15,86;09/02/2026 00:00
Cirurgia 07;15,92;09/02/2026 00:30
Cirurgia 07;15,84;09/02/2026 01:00
Cirurgia 07;15,94;09/02/2026 01:30
Cirurgia 07;15,86;09/02/2026 02:00
Cirurgia 07;15,79;09/02/2026 02:30
Cirurgia 07;15,83;09/02/2026 03:00
Cirurgia 07;15,90;09/02/2026 03:30
Cirurgia 07;15,93;09/02/2026 04:00
Cirurgia 07;15,76;09/02/2026 04:30
Cirurgia 07;15,85;09/02/2026 05:00
Cirurgia 07;15,93;09/02/2026 05:30
Cirurgia 07;15,89;09/02/2026 06:00
Cirurgia 07;15,91;09/02/2026 06:30
Cirurgia 07;15,77;09/02/2026 07:00
Cirurgia 07;16,49;09/02/2026 07:30
Cirurgia 07;15,80;09/02/2026 08:00
Cirurgia 07;15,92;09/02/2026 08:30
Cirurgia 07;15,89;09/02/2026 09:00
Cirurgia 07;15,86;09/02/2026 09:30
Cirurgia 07;15,88;09/02/2026 10:00
Cirurgia 07;15,85;09/02/2026 10:30
Cirurgia 07;15,92;09/02/2026 11:00
Cirurgia 07;15,83;09/02/2026 11:30
Cirurgia 07;15,74;09/02/2026 12:00
Cirurgia 07;15,90;09/02/2026 12:30
Cirurgia 07;15,81;09/02/2026 13:00
Cirurgia 07;15,84;09/02/2026 13:30
Cirurgia 07;15,79;09/02/2026 14:00
Cirurgia 07;15,79;09/02/2026 14:30
Cirurgia 07;15,80;09/02/2026 15:00
Cirurgia 07;15,89;09/02/2026 15:30
Cirurgia 07;15,79;09/02/2026 16:00
Cirurgia 07;15,87;09/02/2026 16:30
Cirurgia 07;15,77;09/02/2026 17:00
Cirurgia 07;15,82;09/02/2026 17:30
Cirurgia 07;15,93;09/02/2026 18:00
Cirurgia 07;15,82;09/02/2026 18:30
Cirurgia 07;15,90;09/02/2026 19:00
Cirurgia 07;15,95;09/02/2026 19:30
Cirurgia 07;15,86;09/02/2026 20:00
Cirurgia 07;15,92;09/02/2026 20:30
Cirurgia 07;15,79;09/02/2026 21:00
Cirurgia 07;15,77;09/02/2026 21:30
Cirurgia 07;15,95;09/02/2026 22:00
Cirurgia 07;15,83;09/02/2026 22:30
Cirurgia 07;15,81;09/02/2026 23:00
Cirurgia 07;15,79;09/02/2026 23:30
Cirurgia 07;15,90;10/02/2026 00:00
Cirurgia 07;15,91;10/02/2026 00:30
Cirurgia 07;15,96;10/02/2026 01:00
Cirurgia 07;15,90;10/02/2026 01:30
Cirurgia 07;15,80;10/02/2026 02:00
Cirurgia 07;15,90;10/02/2026 02:30
Cirurgia 07;15,89;10/02/2026 03:00
Cirurgia 07;15,96;10/02/2026 03:30
Cirurgia 07;16,28;10/02/2026 04:00
Cirurgia 07;15,93;10/02/2026 04:30
Cirurgia 07;15,92;10/02/2026 05:00
Cirurgia 07;15,78;10/02/2026 05:30
Cirurgia 07;15,87;10/02/2026 06:00
Cirurgia 07;15,81;10/02/2026 06:30
Cirurgia 07;15,85;10/02/2026 07:00
Cirurgia 07;15,70;10/02/2026 07:30
Cirurgia 07;15,94;10/02/2026 08:00
Cirurgia 07;16,08;10/02/2026 08:30
Cirurgia 07;15,79;10/02/2026 09:00
Cirurgia 07;15,87;10/02/2026 09:30
Cirurgia 07;15,79;10/02/2026 10:00
Cirurgia 07;15,92;10/02/2026 10:30
Cirurgia 07;15,83;10/02/2026 11:00
Cirurgia 07;15,86;10/02/2026 11:30
Cirurgia 07;15,88;10/02/2026 12:00
Cirurgia 07;15,81;10/02/2026 12:30
Cirurgia 07;15,86;10/02/2026 13:00
Cirurgia 07;15,92;10/02/2026 13:30
Cirurgia 07;15,94;10/02/2026 14:00
Cirurgia 07;15,89;10/02/2026 14:30
Cirurgia 07;15,86;10/02/2026 15:00
Cirurgia 07;15,90;10/02/2026 15:30
Cirurgia 07;15,80;10/02/2026 16:00
Cirurgia 07;15,64;10/02/2026 16:30
Cirurgia 07;15,80;10/02/2026 17:00
Cirurgia 07;16,68;10/02/2026 17:30
Cirurgia 07;15,95;10/02/2026 18:00
Cirurgia 07;15,92;10/02/2026 18:30
Cirurgia 07;15,74;10/02/2026 19:00
Cirurgia 07;15,75;10/02/2026 19:30
Cirurgia 07;15,94;10/02/2026 20:00
Cirurgia 07;15,88;10/02/2026 20:30
Cirurgia 07;15,78;10/02/2026 21:00
Cirurgia 07;15,79;10/02/2026 21:30
Cirurgia 07;15,83;10/02/2026 22:00
Cirurgia 07;15,78;10/02/2026 22:30
Cirurgia 07;15,93;10/02/2026 23:00
Cirurgia 07;15,88;10/02/2026 23:30
Cirurgia 07;15,75;11/02/2026 00:00
Cirurgia 07;15,77;11/02/2026 00:30
Cirurgia 07;15,85;11/02/2026 01:00
Cirurgia 07;15,85;11/02/2026 01:30
Cirurgia 07;15,84;11/02/2026 02:00
Cirurgia 07;15,85;11/02/2026 02:30
Cirurgia 07;15,88;11/02/2026 03:00
Cirurgia 07;15,96;11/02/2026 03:30
Cirurgia 07;15,95;11/02/2026 04:00
Cirurgia 07;15,81;11/02/2026 04:30
Cirurgia 07;15,91;11/02/2026 05:00
Cirurgia 07;15,97;11/02/2026 05:30
Cirurgia 07;15,90;11/02/2026 06:00
Cirurgia 07;15,94;11/02/2026 06:30
Cirurgia 07;15,95;11/02/2026 07:00
Cirurgia 07;15,97;11/02/2026 07:30
Cirurgia 07;15,67;11/02/2026 08:00
Cirurgia 07;15,85;11/02/2026 08:30
Cirurgia 07;15,86;11/02/2026 09:00
Cirurgia 07;15,95;11/02/2026 09:30
Cirurgia 07;15,79;11/02/2026 10:00
Cirurgia 07;15,88;11/02/2026 10:30
Cirurgia 07;15,85;11/02/2026 11:00
Cirurgia 07;15,79;11/02/2026 11:30
Cirurgia 07;15,93;11/02/2026 12:00
Cirurgia 07;15,74;11/02/2026 12:30
Cirurgia 07;15,89;11/02/2026 13:00
Cirurgia 07;15,82;11/02/2026 13:30
Cirurgia 07;15,82;11/02/2026 14:00
Cirurgia 07;15,88;11/02/2026 14:30
Cirurgia 07;15,96;11/02/2026 15:00
Cirurgia 07;15,82;11/02/2026 15:30
Cirurgia 07;15,85;11/02/2026 16:00
Cirurgia 07;15,80;11/02/2026 16:30
Cirurgia 07;15,71;11/02/2026 17:00
Cirurgia 07;15,86;11/02/2026 17:30
Cirurgia 07;16,08;11/02/2026 18:00
Cirurgia 07;15,91;11/02/2026 18:30
Cirurgia 07;15,95;11/02/2026 19:00
Cirurgia 07;15,83;11/02/2026 19:30
Cirurgia 07;15,89;11/02/2026 20:00
Cirurgia 07;15,89;11/02/2026 20:30
Cirurgia 07;15,90;11/02/2026 21:00
Cirurgia 07;15,96;11/02/2026 21:30
Cirurgia 07;15,97;11/02/2026 22:00
Cirurgia 07;15,89;11/02/2026 22:30
Cirurgia 07;15,93;11/02/2026 23:00
Cirurgia 07;15,89;11/02/2026 23:30
Cirurgia 08;16,00;09/02/2026 00:00
Cirurgia 08;16,00;09/02/2026 00:30
Cirurgia 08;15,95;09/02/2026 01:00
Cirurgia 08;16,00;09/02/2026 01:30
Cirurgia 08;16,00;09/02/2026 02:00
Cirurgia 08;15,93;09/02/2026 02:30
Cirurgia 08;15,95;09/02/2026 03:00
Cirurgia 08;16,00;09/02/2026 03:30
Cirurgia 08;16,00;09/02/2026 04:00
Cirurgia 08;16,00;09/02/2026 04:30
Cirurgia 08;16,00;09/02/2026 05:00
Cirurgia 08;16,00;09/02/2026 05:30
Cirurgia 08;16,00;09/02/2026 06:00
Cirurgia 08;16,00;09/02/2026 06:30
Cirurgia 08;15,94;09/02/2026 07:00
Cirurgia 08;15,96;09/02/2026 07:30
Cirurgia 08;16,00;09/02/2026 08:00
Cirurgia 08;16,00;09/02/2026 08:30
Cirurgia 08;16,00;09/02/2026 09:00
Cirurgia 08;16,00;09/02/2026 09:30
Cirurgia 08;16,00;09/02/2026 10:00
Cirurgia 08;16,00;09/02/2026 10:30
Cirurgia 08;15,96;09/02/2026 11:00
Cirurgia 08;16,00;09/02/2026 11:30
Cirurgia 08;15,04;09/02/2026 12:00
Cirurgia 08;16,00;09/02/2026 12:30
Cirurgia 08;15,04;09/02/2026 13:00
Cirurgia 08;15,04;09/02/2026 13:30
Cirurgia 08;15,03;09/02/2026 14:00
Cirurgia 08;15,05;09/02/2026 14:30
Cirurgia 08;15,09;09/02/2026 15:00
Cirurgia 08;16,00;09/02/2026 15:30
Cirurgia 08;16,00;09/02/2026 16:00
Cirurgia 08;16,00;09/02/2026 16:30
Cirurgia 08;15,12;09/02/2026 17:00
Cirurgia 08;16,00;09/02/2026 17:30
Cirurgia 08;15,03;09/02/2026 18:00
Cirurgia 08;15,96;09/02/2026 18:30
Cirurgia 08;16,00;09/02/2026 19:00
Cirurgia 08;15,04;09/02/2026 19:30
Cirurgia 08;16,00;09/02/2026 20:00
Cirurgia 08;15,05;09/02/2026 20:30
Cirurgia 08;15,96;09/02/2026 21:00
Cirurgia 08;16,00;09/02/2026 21:30
Cirurgia 08;16,00;09/02/2026 22:00
Cirurgia 08;16,00;09/02/2026 22:30
Cirurgia 08;16,00;09/02/2026 23:00
Cirurgia 08;15,04;09/02/2026 23:30
Cirurgia 08;15,03;10/02/2026 00:00
Cirurgia 08;15,96;10/02/2026 00:30
Cirurgia 08;15,07;10/02/2026 01:00
Cirurgia 08;16,00;10/02/2026 01:30
Cirurgia 08;16,00;10/02/2026 02:00
Cirurgia 08;16,00;10/02/2026 02:30
Cirurgia 08;16,00;10/02/2026 03:00
Cirurgia 08;16,00;10/02/2026 03:30
Cirurgia 08;16,00;10/02/2026 04:00
Cirurgia 08;16,00;10/02/2026 04:30
Cirurgia 08;15,04;10/02/2026 05:00
Cirurgia 08;16,00;10/02/2026 05:30
Cirurgia 08;16,00;10/02/2026 06:00
Cirurgia 08;15,03;10/02/2026 06:30
Cirurgia 08;16,00;10/02/2026 07:00
Cirurgia 08;15,04;10/02/2026 07:30
Cirurgia 08;15,07;10/02/2026 08:00
Cirurgia 08;16,00;10/02/2026 08:30
Cirurgia 08;16,00;10/02/2026 09:00
Cirurgia 08;15,07;10/02/2026 09:30
Cirurgia 08;16,00;10/02/2026 10:00
Cirurgia 08;16,00;10/02/2026 10:30
Cirurgia 08;15,07;10/02/2026 11:00
Cirurgia 08;15,04;10/02/2026 11:30
Cirurgia 08;15,04;10/02/2026 12:00
Cirurgia 08;16,00;10/02/2026 12:30
Cirurgia 08;15,08;10/02/2026 13:00
Cirurgia 08;15,15;10/02/2026 13:30
Cirurgia 08;15,04;10/02/2026 14:00
Cirurgia 08;16,00;10/02/2026 14:30
Cirurgia 08;15,96;10/02/2026 15:00
Cirurgia 08;16,00;10/02/2026 15:30
Cirurgia 08;15,04;10/02/2026 16:00
Cirurgia 08;15,97;10/02/2026 16:30
Cirurgia 08;15,94;10/02/2026 17:00
Cirurgia 08;15,03;10/02/2026 17:30
Cirurgia 08;16,00;10/02/2026 18:00
Cirurgia 08;16,00;10/02/2026 18:30
Cirurgia 08;16,00;10/02/2026 19:00
Cirurgia 08;15,95;10/02/2026 19:30
Cirurgia 08;16,00;10/02/2026 20:00
Cirurgia 08;16,00;10/02/2026 20:30
Cirurgia 08;15,06;10/02/2026 21:00
Cirurgia 08;16,00;10/02/2026 21:30
Cirurgia 08;16,00;10/02/2026 22:00
Cirurgia 08;15,95;10/02/2026 22:30
Cirurgia 08;15,04;10/02/2026 23:00
Cirurgia 08;16,00;10/02/2026 23:30
Cirurgia 08;15,03;11/02/2026 00:00
Cirurgia 08;15,95;11/02/2026 00:30
Cirurgia 08;16,00;11/02/2026 01:00
Cirurgia 08;16,00;11/02/2026 01:30
Cirurgia 08;16,00;11/02/2026 02:00
Cirurgia 08;16,00;11/02/2026 02:30
Cirurgia 08;16,00;11/02/2026 03:00
Cirurgia 08;16,00;11/02/2026 03:30
Cirurgia 08;16,00;11/02/2026 04:00
Cirurgia 08;16,00;11/02/2026 04:30
Cirurgia 08;16,00;11/02/2026 05:00
Cirurgia 08;15,96;11/02/2026 05:30
Cirurgia 08;15,93;11/02/2026 06:00
Cirurgia 08;16,00;11/02/2026 06:30
Cirurgia 08;16,00;11/02/2026 07:00
Cirurgia 08;16,00;11/02/2026 07:30
Cirurgia 08;16,00;11/02/2026 08:00
Cirurgia 08;15,94;11/02/2026 08:30
Cirurgia 08;16,00;11/02/2026 09:00
Cirurgia 08;16,00;11/02/2026 09:30
Cirurgia 08;16,00;11/02/2026 10:00
Cirurgia 08;15,97;11/02/2026 10:30
Cirurgia 08;15,03;11/02/2026 11:00
Cirurgia 08;16,00;11/02/2026 11:30
Cirurgia 08;15,93;11/02/2026 12:00
Cirurgia 08;16,00;11/02/2026 12:30
Cirurgia 08;16,00;11/02/2026 13:00
Cirurgia 08;15,05;11/02/2026 13:30
Cirurgia 08;15,12;11/02/2026 14:00
Cirurgia 08;15,07;11/02/2026 14:30
Cirurgia 08;16,00;11/02/2026 15:00
Cirurgia 08;15,10;11/02/2026 15:30
Cirurgia 08;15,03;11/02/2026 16:00
Cirurgia 08;16,00;11/02/2026 16:30
Cirurgia 08;15,07;11/02/2026 17:00
Cirurgia 08;15,04;11/02/2026 17:30
Cirurgia 08;16,00;11/02/2026 18:00
Cirurgia 08;16,00;11/02/2026 18:30
Cirurgia 08;15,04;11/02/2026 19:00
Cirurgia 08;15,06;11/02/2026 19:30
Cirurgia 08;15,07;11/02/2026 20:00
Cirurgia 08;16,00;11/02/2026 20:30
Cirurgia 08;15,08;11/02/2026 21:00
Cirurgia 08;16,00;11/02/2026 21:30
Cirurgia 08;15,03;11/02/2026 22:00
Cirurgia 08;16,00;11/02/2026 22:30
Cirurgia 08;15,04;11/02/2026 23:00
Cirurgia 08;16,00;11/02/2026 23:30
Cirurgia 09;16,00;09/02/2026 00:00
Cirurgia 09;15,05;09/02/2026 00:30
Cirurgia 09;16,00;09/02/2026 01:00
Cirurgia 09;16,00;09/02/2026 01:30
Cirurgia 09;16,00;09/02/2026 02:00
Cirurgia 09;16,00;09/02/2026 02:30
Cirurgia 09;15,04;09/02/2026 03:00
Cirurgia 09;15,03;09/02/2026 03:30
Cirurgia 09;16,00;09/02/2026 04:00
Cirurgia 09;16,00;09/02/2026 04:30
Cirurgia 09;15,11;09/02/2026 05:00
Cirurgia 09;16,00;09/02/2026 05:30
Cirurgia 09;16,00;09/02/2026 06:00
Cirurgia 09;15,05;09/02/2026 06:30
Cirurgia 09;15,06;09/02/2026 07:00
Cirurgia 09;16,00;09/02/2026 07:30
Cirurgia 09;16,00;09/02/2026 08:00
Cirurgia 09;16,00;09/02/2026 08:30
Cirurgia 09;16,00;09/02/2026 09:00
Cirurgia 09;16,00;09/02/2026 09:30
Cirurgia 09;16,00;09/02/2026 10:00
Cirurgia 09;15,09;09/02/2026 10:30
Cirurgia 09;16,00;09/02/2026 11:00
Cirurgia 09;16,00;09/02/2026 11:30
Cirurgia 09;16,00;09/02/2026 12:00
Cirurgia 09;15,17;09/02/2026 12:30
Cirurgia 09;16,00;09/02/2026 13:00
Cirurgia 09;16,00;09/02/2026 13:30
Cirurgia 09;16,00;09/02/2026 14:00
Cirurgia 09;16,00;09/02/2026 14:30
Cirurgia 09;16,00;09/02/2026 15:00
Cirurgia 09;16,00;09/02/2026 15:30
Cirurgia 09;15,12;09/02/2026 16:00
Cirurgia 09;16,00;09/02/2026 16:30
Cirurgia 09;16,00;09/02/2026 17:00
Cirurgia 09;16,00;09/02/2026 17:30
Cirurgia 09;16,00;09/02/2026 18:00
Cirurgia 09;16,00;09/02/2026 18:30
Cirurgia 09;16,00;09/02/2026 19:00
Cirurgia 09;16,00;09/02/2026 19:30
Cirurgia 09;16,00;09/02/2026 20:00
Cirurgia 09;16,00;09/02/2026 20:30
Cirurgia 09;16,00;09/02/2026 21:00
Cirurgia 09;16,00;09/02/2026 21:30
Cirurgia 09;16,00;09/02/2026 22:00
Cirurgia 09;15,05;09/02/2026 22:30
Cirurgia 09;16,00;09/02/2026 23:00
Cirurgia 09;16,00;09/02/2026 23:30
Cirurgia 09;15,92;10/02/2026 00:00
Cirurgia 09;16,00;10/02/2026 00:30
Cirurgia 09;16,00;10/02/2026 01:00
Cirurgia 09;16,00;10/02/2026 01:30
Cirurgia 09;15,03;10/02/2026 02:00
Cirurgia 09;16,00;10/02/2026 02:30
Cirurgia 09;16,00;10/02/2026 03:00
Cirurgia 09;15,96;10/02/2026 03:30
Cirurgia 09;16,00;10/02/2026 04:00
Cirurgia 09;16,00;10/02/2026 04:30
Cirurgia 09;15,04;10/02/2026 05:00
Cirurgia 09;16,00;10/02/2026 05:30
Cirurgia 09;16,00;10/02/2026 06:00
Cirurgia 09;16,00;10/02/2026 06:30
Cirurgia 09;16,00;10/02/2026 07:00
Cirurgia 09;15,96;10/02/2026 07:30
Cirurgia 09;16,00;10/02/2026 08:00
Cirurgia 09;16,00;10/02/2026 08:30
Cirurgia 09;16,00;10/02/2026 09:00
Cirurgia 09;16,00;10/02/2026 09:30
Cirurgia 09;16,00;10/02/2026 10:00
Cirurgia 09;16,00;10/02/2026 10:30
Cirurgia 09;16,00;10/02/2026 11:00
Cirurgia 09;15,04;10/02/2026 11:30
Cirurgia 09;15,04;10/02/2026 12:00
Cirurgia 09;16,00;10/02/2026 12:30
Cirurgia 09;16,00;10/02/2026 13:00
Cirurgia 09;15,96;10/02/2026 13:30
Cirurgia 09;15,96;10/02/2026 14:00
Cirurgia 09;15,92;10/02/2026 14:30
Cirurgia 09;16,00;10/02/2026 15:00
Cirurgia 09;15,04;10/02/2026 15:30
Cirurgia 09;16,00;10/02/2026 16:00
Cirurgia 09;16,00;10/02/2026 16:30
Cirurgia 09;15,06;10/02/2026 17:00
Cirurgia 09;16,00;10/02/2026 17:30
Cirurgia 09;16,00;10/02/2026 18:00
Cirurgia 09;16,00;10/02/2026 18:30
Cirurgia 09;15,06;10/02/2026 19:00
Cirurgia 09;16,00;10/02/2026 19:30
Cirurgia 09;15,94;10/02/2026 20:00
Cirurgia 09;16,00;10/02/2026 20:30
Cirurgia 09;16,00;10/02/2026 21:00
Cirurgia 09;15,04;10/02/2026 21:30
Cirurgia 09;15,92;10/02/2026 22:00
Cirurgia 09;16,00;10/02/2026 22:30
Cirurgia 09;16,00;10/02/2026 23:00
Cirurgia 09;16,00;10/02/2026 23:30
Cirurgia 09;16,00;11/02/2026 00:00
Cirurgia 09;16,00;11/02/2026 00:30
Cirurgia 09;15,04;11/02/2026 01:00
Cirurgia 09;16,00;11/02/2026 01:30
Cirurgia 09;16,00;11/02/2026 02:00
Cirurgia 09;16,00;11/02/2026 02:30
Cirurgia 09;16,00;11/02/2026 03:00
Cirurgia 09;16,00;11/02/2026 03:30
Cirurgia 09;16,00;11/02/2026 04:00
Cirurgia 09;15,95;11/02/2026 04:30
Cirurgia 09;16,00;11/02/2026 05:00
Cirurgia 09;15,03;11/02/2026 05:30
Cirurgia 09;16,00;11/02/2026 06:00
Cirurgia 09;15,06;11/02/2026 06:30
Cirurgia 09;15,04;11/02/2026 07:00
Cirurgia 09;16,00;11/02/2026 07:30
Cirurgia 09;16,00;11/02/2026 08:00
Cirurgia 09;15,95;11/02/2026 08:30
Cirurgia 09;16,00;11/02/2026 09:00
Cirurgia 09;15,08;11/02/2026 09:30
Cirurgia 09;15,06;11/02/2026 10:00
Cirurgia 09;16,00;11/02/2026 10:30
Cirurgia 09;15,05;11/02/2026 11:00
Cirurgia 09;16,00;11/02/2026 11:30
Cirurgia 09;15,08;11/02/2026 12:00
Cirurgia 09;16,00;11/02/2026 12:30
Cirurgia 09;15,96;11/02/2026 13:00
Cirurgia 09;16,00;11/02/2026 13:30
Cirurgia 09;15,94;11/02/2026 14:00
Cirurgia 09;15,94;11/02/2026 14:30
Cirurgia 09;16,00;11/02/2026 15:00
Cirurgia 09;16,00;11/02/2026 15:30
Cirurgia 09;16,00;11/02/2026 16:00
Cirurgia 09;16,00;11/02/2026 16:30
Cirurgia 09;15,95;11/02/2026 17:00
Cirurgia 09;16,00;11/02/2026 17:30
Cirurgia 09;16,00;11/02/2026 18:00
Cirurgia 09;16,00;11/02/2026 18:30
Cirurgia 09;16,00;11/02/2026 19:00
Cirurgia 09;15,04;11/02/2026 19:30
Cirurgia 09;16,00;11/02/2026 20:00
Cirurgia 09;16,00;11/02/2026 20:30
Cirurgia 09;15,95;11/02/2026 21:00
Cirurgia 09;16,00;11/02/2026 21:30
Cirurgia 09;15,95;11/02/2026 22:00
Cirurgia 09;16,00;11/02/2026 22:30
Cirurgia 09;16,00;11/02/2026 23:00
Cirurgia 09;16,00;11/02/2026 23:30
Cirurgia 10;15,93;09/02/2026 00:00
Cirurgia 10;16,00;09/02/2026 00:30
Cirurgia 10;15,96;09/02/2026 01:00
Cirurgia 10;16,00;09/02/2026 01:30
Cirurgia 10;15,88;09/02/2026 02:00
Cirurgia 10;15,93;09/02/2026 02:30
Cirurgia 10;16,00;09/02/2026 03:00
Cirurgia 10;16,00;09/02/2026 03:30
Cirurgia 10;15,95;09/02/2026 04:00
Cirurgia 10;15,91;09/02/2026 04:30
Cirurgia 10;15,97;09/02/2026 05:00
Cirurgia 10;15,93;09/02/2026 05:30
Cirurgia 10;15,91;09/02/2026 06:00
Cirurgia 10;15,90;09/02/2026 06:30
Cirurgia 10;15,96;09/02/2026 07:00
Cirurgia 10;15,96;09/02/2026 07:30
Cirurgia 10;15,92;09/02/2026 08:00
Cirurgia 10;15,95;09/02/2026 08:30
Cirurgia 10;15,97;09/02/2026 09:00
Cirurgia 10;16,00;09/02/2026 09:30
Cirurgia 10;15,96;09/02/2026 10:00
Cirurgia 10;15,96;09/02/2026 10:30
Cirurgia 10;16,00;09/02/2026 11:00
Cirurgia 10;15,95;09/02/2026 11:30
Cirurgia 10;16,00;09/02/2026 12:00
Cirurgia 10;15,95;09/02/2026 12:30
Cirurgia 10;16,00;09/02/2026 13:00
Cirurgia 10;15,96;09/02/2026 13:30
Cirurgia 10;16,00;09/02/2026 14:00
Cirurgia 10;16,00;09/02/2026 14:30
Cirurgia 10;15,04;09/02/2026 15:00
Cirurgia 10;15,96;09/02/2026 15:30
Cirurgia 10;15,92;09/02/2026 16:00
Cirurgia 10;16,00;09/02/2026 16:30
Cirurgia 10;16,00;09/02/2026 17:00
Cirurgia 10;15,93;09/02/2026 17:30
Cirurgia 10;15,86;09/02/2026 18:00
Cirurgia 10;16,00;09/02/2026 18:30
Cirurgia 10;15,96;09/02/2026 19:00
Cirurgia 10;16,00;09/02/2026 19:30
Cirurgia 10;15,96;09/02/2026 20:00
Cirurgia 10;15,92;09/02/2026 20:30
Cirurgia 10;15,94;09/02/2026 21:00
Cirurgia 10;16,00;09/02/2026 21:30
Cirurgia 10;15,97;09/02/2026 22:00
Cirurgia 10;16,00;09/02/2026 22:30
Cirurgia 10;15,94;09/02/2026 23:00
Cirurgia 10;15,95;09/02/2026 23:30
Cirurgia 10;16,00;10/02/2026 00:00
Cirurgia 10;16,00;10/02/2026 00:30
Cirurgia 10;16,00;10/02/2026 01:00
Cirurgia 10;15,96;10/02/2026 01:30
Cirurgia 10;16,00;10/02/2026 02:00
Cirurgia 10;15,96;10/02/2026 02:30
Cirurgia 10;15,90;10/02/2026 03:00
Cirurgia 10;16,00;10/02/2026 03:30
Cirurgia 10;15,92;10/02/2026 04:00
Cirurgia 10;16,00;10/02/2026 04:30
Cirurgia 10;15,97;10/02/2026 05:00
Cirurgia 10;16,00;10/02/2026 05:30
Cirurgia 10;16,00;10/02/2026 06:00
Cirurgia 10;15,93;10/02/2026 06:30
Cirurgia 10;16,00;10/02/2026 07:00
Cirurgia 10;16,00;10/02/2026 07:30
Cirurgia 10;16,00;10/02/2026 08:00
Cirurgia 10;16,00;10/02/2026 08:30
Cirurgia 10;15,95;10/02/2026 09:00
Cirurgia 10;16,00;10/02/2026 09:30
Cirurgia 10;15,95;10/02/2026 10:00
Cirurgia 10;16,00;10/02/2026 10:30
Cirurgia 10;16,00;10/02/2026 11:00
Cirurgia 10;16,00;10/02/2026 11:30
Cirurgia 10;15,96;10/02/2026 12:00
Cirurgia 10;15,94;10/02/2026 12:30
Cirurgia 10;15,96;10/02/2026 13:00
Cirurgia 10;16,00;10/02/2026 13:30
Cirurgia 10;15,89;10/02/2026 14:00
Cirurgia 10;16,00;10/02/2026 14:30
Cirurgia 10;16,00;10/02/2026 15:00
Cirurgia 10;16,00;10/02/2026 15:30
Cirurgia 10;15,89;10/02/2026 16:00
Cirurgia 10;15,96;10/02/2026 16:30
Cirurgia 10;16,00;10/02/2026 17:00
Cirurgia 10;15,97;10/02/2026 17:30
Cirurgia 10;16,00;10/02/2026 18:00
Cirurgia 10;15,96;10/02/2026 18:30
Cirurgia 10;16,00;10/02/2026 19:00
Cirurgia 10;15,94;10/02/2026 19:30
Cirurgia 10;16,00;10/02/2026 20:00
Cirurgia 10;16,00;10/02/2026 20:30
Cirurgia 10;15,94;10/02/2026 21:00
Cirurgia 10;15,93;10/02/2026 21:30
Cirurgia 10;15,88;10/02/2026 22:00
Cirurgia 10;15,03;10/02/2026 22:30
Cirurgia 10;16,00;10/02/2026 23:00
Cirurgia 10;15,97;10/02/2026 23:30
Cirurgia 10;15,97;11/02/2026 00:00
Cirurgia 10;15,97;11/02/2026 00:30
Cirurgia 10;16,00;11/02/2026 01:00
Cirurgia 10;16,00;11/02/2026 01:30
Cirurgia 10;16,00;11/02/2026 02:00
Cirurgia 10;15,97;11/02/2026 02:30
Cirurgia 10;15,97;11/02/2026 03:00
Cirurgia 10;16,00;11/02/2026 03:30
Cirurgia 10;16,00;11/02/2026 04:00
Cirurgia 10;15,96;11/02/2026 04:30
Cirurgia 10;15,90;11/02/2026 05:00
Cirurgia 10;16,00;11/02/2026 05:30
Cirurgia 10;15,95;11/02/2026 06:00
Cirurgia 10;16,00;11/02/2026 06:30
Cirurgia 10;15,88;11/02/2026 07:00
Cirurgia 10;15,96;11/02/2026 07:30
Cirurgia 10;15,96;11/02/2026 08:00
Cirurgia 10;16,00;11/02/2026 08:30
Cirurgia 10;15,92;11/02/2026 09:00
Cirurgia 10;15,95;11/02/2026 09:30
Cirurgia 10;16,00;11/02/2026 10:00
Cirurgia 10;16,00;11/02/2026 10:30
Cirurgia 10;16,00;11/02/2026 11:00
Cirurgia 10;16,00;11/02/2026 11:30
Cirurgia 10;15,95;11/02/2026 12:00
Cirurgia 10;15,95;11/02/2026 12:30
Cirurgia 10;15,90;11/02/2026 13:00
Cirurgia 10;16,00;11/02/2026 13:30
Cirurgia 10;15,95;11/02/2026 14:00
Cirurgia 10;16,00;11/02/2026 14:30
Cirurgia 10;15,86;11/02/2026 15:00
Cirurgia 10;16,00;11/02/2026 15:30
Cirurgia 10;16,00;11/02/2026 16:00
Cirurgia 10;16,00;11/02/2026 16:30
Cirurgia 10;16,00;11/02/2026 17:00
Cirurgia 10;16,00;11/02/2026 17:30
Cirurgia 10;15,96;11/02/2026 18:00
Cirurgia 10;15,96;11/02/2026 18:30
Cirurgia 10;15,94;11/02/2026 19:00
Cirurgia 10;15,94;11/02/2026 19:30
Cirurgia 10;16,00;11/02/2026 20:00
Cirurgia 10;16,00;11/02/2026 20:30
Cirurgia 10;16,00;11/02/2026 21:00
Cirurgia 10;16,00;11/02/2026 21:30
Cirurgia 10;16,00;11/02/2026 22:00
Cirurgia 10;15,94;11/02/2026 22:30
Cirurgia 10;16,00;11/02/2026 23:00
Cirurgia 10;15,96;11/02/2026 23:30
CME Sala Limpa 01;15,75;09/02/2026 00:00
CME Sala Limpa 01;15,91;09/02/2026 00:30
CME Sala Limpa 01;15,92;09/02/2026 01:00
CME Sala Limpa 01;16,00;09/02/2026 01:30
CME Sala Limpa 01;15,88;09/02/2026 02:00
CME Sala Limpa 01;15,75;09/02/2026 02:30
CME Sala Limpa 01;15,71;09/02/2026 03:00
CME Sala Limpa 01;15,73;09/02/2026 03:30
CME Sala Limpa 01;15,70;09/02/2026 04:00
CME Sala Limpa 01;16,00;09/02/2026 04:30
CME Sala Limpa 01;15,94;09/02/2026 05:00
CME Sala Limpa 01;15,92;09/02/2026 05:30
CME Sala Limpa 01;16,00;09/02/2026 06:00
CME Sala Limpa 01;15,85;09/02/2026 06:30
CME Sala Limpa 01;15,81;09/02/2026 07:00
CME Sala Limpa 01;15,88;09/02/2026 07:30
CME Sala Limpa 01;15,70;09/02/2026 08:00
CME Sala Limpa 01;15,80;09/02/2026 08:30
CME Sala Limpa 01;16,00;09/02/2026 09:00
CME Sala Limpa 01;16,00;09/02/2026 09:30
CME Sala Limpa 01;16,00;09/02/2026 10:00
CME Sala Limpa 01;16,00;09/02/2026 10:30
CME Sala Limpa 01;16,00;09/02/2026 11:00
CME Sala Limpa 01;15,90;09/02/2026 11:30
CME Sala Limpa 01;15,92;09/02/2026 12:00
CME Sala Limpa 01;16,00;09/02/2026 12:30
CME Sala Limpa 01;16,00;09/02/2026 13:00
CME Sala Limpa 01;15,50;09/02/2026 13:30
CME Sala Limpa 01;16,00;09/02/2026 14:00
CME Sala Limpa 01;15,89;09/02/2026 14:30
CME Sala Limpa 01;15,90;09/02/2026 15:00
CME Sala Limpa 01;15,67;09/02/2026 15:30
CME Sala Limpa 01;16,00;09/02/2026 16:00
CME Sala Limpa 01;15,92;09/02/2026 16:30
CME Sala Limpa 01;15,92;09/02/2026 17:00
CME Sala Limpa 01;16,00;09/02/2026 17:30
CME Sala Limpa 01;15,91;09/02/2026 18:00
CME Sala Limpa 01;16,00;09/02/2026 18:30
CME Sala Limpa 01;15,80;09/02/2026 19:00
CME Sala Limpa 01;15,96;09/02/2026 19:30
CME Sala Limpa 01;15,83;09/02/2026 20:00
CME Sala Limpa 01;16,00;09/02/2026 20:30
CME Sala Limpa 01;16,00;09/02/2026 21:00
CME Sala Limpa 01;15,80;09/02/2026 21:30
CME Sala Limpa 01;15,86;09/02/2026 22:00
CME Sala Limpa 01;16,00;09/02/2026 22:30
CME Sala Limpa 01;15,92;09/02/2026 23:00
CME Sala Limpa 01;15,88;09/02/2026 23:30
CME Sala Limpa 01;15,83;10/02/2026 00:00
CME Sala Limpa 01;16,00;10/02/2026 00:30
CME Sala Limpa 01;16,00;10/02/2026 01:00
CME Sala Limpa 01;15,93;10/02/2026 01:30
CME Sala Limpa 01;15,90;10/02/2026 02:00
CME Sala Limpa 01;15,92;10/02/2026 02:30
CME Sala Limpa 01;15,79;10/02/2026 03:00
CME Sala Limpa 01;16,00;10/02/2026 03:30
CME Sala Limpa 01;16,00;10/02/2026 04:00
CME Sala Limpa 01;15,78;10/02/2026 04:30
CME Sala Limpa 01;15,82;10/02/2026 05:00
CME Sala Limpa 01;15,92;10/02/2026 05:30
CME Sala Limpa 01;15,89;10/02/2026 06:00
CME Sala Limpa 01;15,92;10/02/2026 06:30
CME Sala Limpa 01;15,91;10/02/2026 07:00
CME Sala Limpa 01;15,90;10/02/2026 07:30
CME Sala Limpa 01;16,00;10/02/2026 08:00
CME Sala Limpa 01;15,79;10/02/2026 08:30
CME Sala Limpa 01;15,93;10/02/2026 09:00
CME Sala Limpa 01;15,91;10/02/2026 09:30
CME Sala Limpa 01;15,67;10/02/2026 10:00
CME Sala Limpa 01;15,90;10/02/2026 10:30
CME Sala Limpa 01;15,87;10/02/2026 11:00
CME Sala Limpa 01;15,94;10/02/2026 11:30
CME Sala Limpa 01;15,92;10/02/2026 12:00
CME Sala Limpa 01;15,78;10/02/2026 12:30
CME Sala Limpa 01;16,00;10/02/2026 13:00
CME Sala Limpa 01;15,82;10/02/2026 13:30
CME Sala Limpa 01;15,82;10/02/2026 14:00
CME Sala Limpa 01;15,82;10/02/2026 14:30
CME Sala Limpa 01;15,69;10/02/2026 15:00
CME Sala Limpa 01;15,80;10/02/2026 15:30
CME Sala Limpa 01;15,85;10/02/2026 16:00
CME Sala Limpa 01;15,82;10/02/2026 16:30
CME Sala Limpa 01;15,86;10/02/2026 17:00
CME Sala Limpa 01;15,80;10/02/2026 17:30
CME Sala Limpa 01;15,80;10/02/2026 18:00
CME Sala Limpa 01;15,89;10/02/2026 18:30
CME Sala Limpa 01;15,70;10/02/2026 19:00
CME Sala Limpa 01;16,00;10/02/2026 19:30
CME Sala Limpa 01;15,95;10/02/2026 20:00
CME Sala Limpa 01;15,76;10/02/2026 20:30
CME Sala Limpa 01;15,80;10/02/2026 21:00
CME Sala Limpa 01;15,86;10/02/2026 21:30
CME Sala Limpa 01;15,71;10/02/2026 22:00
CME Sala Limpa 01;15,85;10/02/2026 22:30
CME Sala Limpa 01;15,94;10/02/2026 23:00
CME Sala Limpa 01;16,00;10/02/2026 23:30
CME Sala Limpa 01;15,83;11/02/2026 00:00
CME Sala Limpa 01;15,71;11/02/2026 00:30
CME Sala Limpa 01;15,90;11/02/2026 01:00
CME Sala Limpa 01;15,80;11/02/2026 01:30
CME Sala Limpa 01;15,93;11/02/2026 02:00
CME Sala Limpa 01;15,88;11/02/2026 02:30
CME Sala Limpa 01;16,00;11/02/2026 03:00
CME Sala Limpa 01;15,93;11/02/2026 03:30
CME Sala Limpa 01;15,60;11/02/2026 04:00
CME Sala Limpa 01;15,88;11/02/2026 04:30
CME Sala Limpa 01;15,83;11/02/2026 05:00
CME Sala Limpa 01;15,93;11/02/2026 05:30
CME Sala Limpa 01;15,91;11/02/2026 06:00
CME Sala Limpa 01;16,00;11/02/2026 06:30
CME Sala Limpa 01;15,92;11/02/2026 07:00
CME Sala Limpa 01;15,73;11/02/2026 07:30
CME Sala Limpa 01;15,92;11/02/2026 08:00
CME Sala Limpa 01;16,00;11/02/2026 08:30
CME Sala Limpa 01;16,00;11/02/2026 09:00
CME Sala Limpa 01;15,83;11/02/2026 09:30
CME Sala Limpa 01;15,85;11/02/2026 10:00
CME Sala Limpa 01;15,77;11/02/2026 10:30
CME Sala Limpa 01;16,00;11/02/2026 11:00
CME Sala Limpa 01;15,90;11/02/2026 11:30
CME Sala Limpa 01;15,93;11/02/2026 12:00
CME Sala Limpa 01;16,00;11/02/2026 12:30
CME Sala Limpa 01;15,76;11/02/2026 13:00
CME Sala Limpa 01;15,77;11/02/2026 13:30
CME Sala Limpa 01;15,91;11/02/2026 14:00
CME Sala Limpa 01;15,93;11/02/2026 14:30
CME Sala Limpa 01;15,82;11/02/2026 15:00
CME Sala Limpa 01;16,00;11/02/2026 15:30
CME Sala Limpa 01;16,00;11/02/2026 16:00
CME Sala Limpa 01;15,73;11/02/2026 16:30
CME Sala Limpa 01;15,92;11/02/2026 17:00
CME Sala Limpa 01;15,91;11/02/2026 17:30
CME Sala Limpa 01;20,87;11/02/2026 18:00
CME Sala Limpa 01;22,20;11/02/2026 18:30
CME Sala Limpa 01;21,42;11/02/2026 19:00
CME Sala Limpa 01;21,54;11/02/2026 19:30
CME Sala Limpa 01;20,63;11/02/2026 20:00
CME Sala Limpa 01;21,04;11/02/2026 20:30
CME Sala Limpa 01;21,40;11/02/2026 21:00
CME Sala Limpa 01;21,27;11/02/2026 21:30
CME Sala Limpa 01;22,36;11/02/2026 22:00
CME Sala Limpa 01;21,72;11/02/2026 22:30
CME Sala Limpa 01;21,95;11/02/2026 23:00
CME Sala Limpa 01;21,48;11/02/2026 23:30
CTI 01;18,51;09/02/2026 00:00
CTI 01;16,86;09/02/2026 00:30
CTI 01;16,47;09/02/2026 01:00
CTI 01;17,38;09/02/2026 01:30
CTI 01;18,83;09/02/2026 02:00
CTI 01;16,75;09/02/2026 02:30
CTI 01;16,54;09/02/2026 03:00
CTI 01;17,72;09/02/2026 03:30
CTI 01;18,43;09/02/2026 04:00
CTI 01;19,34;09/02/2026 04:30
CTI 01;17,50;09/02/2026 05:00
CTI 01;20,03;09/02/2026 05:30
CTI 01;17,56;09/02/2026 06:00
CTI 01;16,25;09/02/2026 06:30
CTI 01;17,44;09/02/2026 07:00
CTI 01;16,91;09/02/2026 07:30
CTI 01;16,59;09/02/2026 08:00
CTI 01;16,94;09/02/2026 08:30
CTI 01;16,52;09/02/2026 09:00
CTI 01;17,88;09/02/2026 09:30
CTI 01;17,05;09/02/2026 10:00
CTI 01;16,91;09/02/2026 10:30
CTI 01;16,61;09/02/2026 11:00
CTI 01;16,76;09/02/2026 11:30
CTI 01;16,17;09/02/2026 12:00
CTI 01;16,73;09/02/2026 12:30
CTI 01;16,56;09/02/2026 13:00
CTI 01;16,84;09/02/2026 13:30
CTI 01;16,61;09/02/2026 14:00
CTI 01;16,92;09/02/2026 14:30
CTI 01;16,68;09/02/2026 15:00
CTI 01;16,31;09/02/2026 15:30
CTI 01;16,89;09/02/2026 16:00
CTI 01;16,59;09/02/2026 16:30
CTI 01;17,13;09/02/2026 17:00
CTI 01;16,10;09/02/2026 17:30
CTI 01;16,78;09/02/2026 18:00
CTI 01;17,74;09/02/2026 18:30
CTI 01;16,80;09/02/2026 19:00
CTI 01;16,46;09/02/2026 19:30
CTI 01;16,49;09/02/2026 20:00
CTI 01;16,55;09/02/2026 20:30
CTI 01;16,57;09/02/2026 21:00
CTI 01;17,51;09/02/2026 21:30
CTI 01;16,11;09/02/2026 22:00
CTI 01;16,00;09/02/2026 22:30
CTI 01;16,89;09/02/2026 23:00
CTI 01;16,94;09/02/2026 23:30
CTI 01;16,94;10/02/2026 00:00
CTI 01;16,10;10/02/2026 00:30
CTI 01;16,35;10/02/2026 01:00
CTI 01;16,43;10/02/2026 01:30
CTI 01;16,62;10/02/2026 02:00
CTI 01;16,50;10/02/2026 02:30
CTI 01;17,57;10/02/2026 03:00
CTI 01;16,58;10/02/2026 03:30
CTI 01;16,77;10/02/2026 04:00
CTI 01;16,52;10/02/2026 04:30
CTI 01;16,04;10/02/2026 05:00
CTI 01;16,44;10/02/2026 05:30
CTI 01;17,21;10/02/2026 06:00
CTI 01;16,93;10/02/2026 06:30
CTI 01;16,86;10/02/2026 07:00
CTI 01;16,09;10/02/2026 07:30
CTI 01;16,20;10/02/2026 08:00
CTI 01;16,37;10/02/2026 08:30
CTI 01;16,29;10/02/2026 09:00
CTI 01;16,01;10/02/2026 09:30
CTI 01;16,83;10/02/2026 10:00
CTI 01;16,12;10/02/2026 10:30
CTI 01;16,82;10/02/2026 11:00
CTI 01;16,35;10/02/2026 11:30
CTI 01;16,58;10/02/2026 12:00
CTI 01;16,76;10/02/2026 12:30
CTI 01;16,94;10/02/2026 13:00
CTI 01;16,74;10/02/2026 13:30
CTI 01;16,59;10/02/2026 14:00
CTI 01;17,32;10/02/2026 14:30
CTI 01;16,37;10/02/2026 15:00
CTI 01;16,61;10/02/2026 15:30
CTI 01;16,18;10/02/2026 16:00
CTI 01;19,14;10/02/2026 16:30
CTI 01;17,32;10/02/2026 17:00
CTI 01;16,29;10/02/2026 17:30
CTI 01;16,84;10/02/2026 18:00
CTI 01;16,90;10/02/2026 18:30
CTI 01;16,54;10/02/2026 19:00
CTI 01;17,38;10/02/2026 19:30
CTI 01;17,59;10/02/2026 20:00
CTI 01;16,62;10/02/2026 20:30
CTI 01;17,51;10/02/2026 21:00
CTI 01;16,50;10/02/2026 21:30
CTI 01;16,27;10/02/2026 22:00
CTI 01;17,70;10/02/2026 22:30
CTI 01;16,73;10/02/2026 23:00
CTI 01;16,64;10/02/2026 23:30
CTI 01;16,36;11/02/2026 00:00
CTI 01;16,46;11/02/2026 00:30
CTI 01;16,95;11/02/2026 01:00
CTI 01;16,98;11/02/2026 01:30
CTI 01;16,15;11/02/2026 02:00
CTI 01;16,95;11/02/2026 02:30
CTI 01;16,45;11/02/2026 03:00
CTI 01;16,78;11/02/2026 03:30
CTI 01;16,10;11/02/2026 04:00
CTI 01;17,99;11/02/2026 04:30
CTI 01;16,45;11/02/2026 05:00
CTI 01;16,81;11/02/2026 05:30
CTI 01;16,75;11/02/2026 06:00
CTI 01;18,34;11/02/2026 06:30
CTI 01;17,30;11/02/2026 07:00
CTI 01;16,13;11/02/2026 07:30
CTI 01;17,25;11/02/2026 08:00
CTI 01;16,59;11/02/2026 08:30
CTI 01;17,64;11/02/2026 09:00
CTI 01;16,67;11/02/2026 09:30
CTI 01;16,18;11/02/2026 10:00
CTI 01;16,35;11/02/2026 10:30
CTI 01;16,27;11/02/2026 11:00
CTI 01;16,77;11/02/2026 11:30
CTI 01;16,94;11/02/2026 12:00
CTI 01;16,92;11/02/2026 12:30
CTI 01;16,97;11/02/2026 13:00
CTI 01;16,80;11/02/2026 13:30
CTI 01;16,99;11/02/2026 14:00
CTI 01;17,04;11/02/2026 14:30
CTI 01;17,00;11/02/2026 15:00
CTI 01;17,25;11/02/2026 15:30
CTI 01;17,71;11/02/2026 16:00
CTI 01;18,09;11/02/2026 16:30
CTI 01;16,37;11/02/2026 17:00
CTI 01;17,48;11/02/2026 17:30
CTI 01;17,72;11/02/2026 18:00
CTI 01;16,99;11/02/2026 18:30
CTI 01;17,41;11/02/2026 19:00
CTI 01;16,52;11/02/2026 19:30
CTI 01;17,94;11/02/2026 20:00
CTI 01;16,38;11/02/2026 20:30
CTI 01;16,72;11/02/2026 21:00
CTI 01;16,81;11/02/2026 21:30
CTI 01;18,07;11/02/2026 22:00
CTI 01;16,09;11/02/2026 22:30
CTI 01;16,34;11/02/2026 23:00
CTI 01;16,85;11/02/2026 23:30
CTI 02;16,70;09/02/2026 00:00
CTI 02;16,48;09/02/2026 00:30
CTI 02;16,40;09/02/2026 01:00
CTI 02;16,41;09/02/2026 01:30
CTI 02;16,13;09/02/2026 02:00
CTI 02;16,24;09/02/2026 02:30
CTI 02;16,25;09/02/2026 03:00
CTI 02;17,22;09/02/2026 03:30
CTI 02;16,07;09/02/2026 04:00
CTI 02;16,44;09/02/2026 04:30
CTI 02;16,90;09/02/2026 05:00
CTI 02;16,85;09/02/2026 05:30
CTI 02;17,63;09/02/2026 06:00
CTI 02;16,24;09/02/2026 06:30
CTI 02;16,46;09/02/2026 07:00
CTI 02;16,75;09/02/2026 07:30
CTI 02;16,43;09/02/2026 08:00
CTI 02;16,20;09/02/2026 08:30
CTI 02;16,80;09/02/2026 09:00
CTI 02;16,91;09/02/2026 09:30
CTI 02;17,00;09/02/2026 10:00
CTI 02;16,89;09/02/2026 10:30
CTI 02;16,30;09/02/2026 11:00
CTI 02;16,09;09/02/2026 11:30
CTI 02;16,27;09/02/2026 12:00
CTI 02;17,42;09/02/2026 12:30
CTI 02;16,45;09/02/2026 13:00
CTI 02;17,75;09/02/2026 13:30
CTI 02;16,53;09/02/2026 14:00
CTI 02;16,05;09/02/2026 14:30
CTI 02;16,77;09/02/2026 15:00
CTI 02;17,08;09/02/2026 15:30
CTI 02;16,88;09/02/2026 16:00
CTI 02;17,39;09/02/2026 16:30
CTI 02;16,84;09/02/2026 17:00
CTI 02;17,96;09/02/2026 17:30
CTI 02;16,19;09/02/2026 18:00
CTI 02;16,04;09/02/2026 18:30
CTI 02;16,64;09/02/2026 19:00
CTI 02;16,50;09/02/2026 19:30
CTI 02;16,58;09/02/2026 20:00
CTI 02;16,52;09/02/2026 20:30
CTI 02;16,63;09/02/2026 21:00
CTI 02;16,60;09/02/2026 21:30
CTI 02;16,08;09/02/2026 22:00
CTI 02;16,82;09/02/2026 22:30
CTI 02;16,74;09/02/2026 23:00
CTI 02;16,57;09/02/2026 23:30
CTI 02;16,08;10/02/2026 00:00
CTI 02;16,56;10/02/2026 00:30
CTI 02;16,08;10/02/2026 01:00
CTI 02;16,53;10/02/2026 01:30
CTI 02;16,72;10/02/2026 02:00
CTI 02;16,76;10/02/2026 02:30
CTI 02;16,33;10/02/2026 03:00
CTI 02;16,34;10/02/2026 03:30
CTI 02;16,77;10/02/2026 04:00
CTI 02;16,53;10/02/2026 04:30
CTI 02;16,06;10/02/2026 05:00
CTI 02;16,93;10/02/2026 05:30
CTI 02;16,61;10/02/2026 06:00
CTI 02;16,96;10/02/2026 06:30
CTI 02;16,02;10/02/2026 07:00
CTI 02;16,70;10/02/2026 07:30
CTI 02;16,18;10/02/2026 08:00
CTI 02;16,20;10/02/2026 08:30
CTI 02;16,51;10/02/2026 09:00
CTI 02;16,38;10/02/2026 09:30
CTI 02;17,45;10/02/2026 10:00
CTI 02;16,96;10/02/2026 10:30
CTI 02;16,48;10/02/2026 11:00
CTI 02;17,47;10/02/2026 11:30
CTI 02;16,76;10/02/2026 12:00
CTI 02;16,47;10/02/2026 12:30
CTI 02;16,57;10/02/2026 13:00
CTI 02;16,17;10/02/2026 13:30
CTI 02;17,55;10/02/2026 14:00
CTI 02;17,07;10/02/2026 14:30
CTI 02;16,60;10/02/2026 15:00
CTI 02;17,16;10/02/2026 15:30
CTI 02;17,29;10/02/2026 16:00
CTI 02;17,51;10/02/2026 16:30
CTI 02;18,39;10/02/2026 17:00
CTI 02;16,28;10/02/2026 17:30
CTI 02;17,00;10/02/2026 18:00
CTI 02;17,96;10/02/2026 18:30
CTI 02;17,24;10/02/2026 19:00
CTI 02;16,26;10/02/2026 19:30
CTI 02;16,95;10/02/2026 20:00
CTI 02;16,88;10/02/2026 20:30
CTI 02;16,18;10/02/2026 21:00
CTI 02;19,36;10/02/2026 21:30
CTI 02;16,76;10/02/2026 22:00
CTI 02;18,67;10/02/2026 22:30
CTI 02;16,56;10/02/2026 23:00
CTI 02;17,60;10/02/2026 23:30
CTI 02;16,98;11/02/2026 00:00
CTI 02;16,32;11/02/2026 00:30
CTI 02;17,94;11/02/2026 01:00
CTI 02;16,33;11/02/2026 01:30
CTI 02;16,46;11/02/2026 02:00
CTI 02;17,38;11/02/2026 02:30
CTI 02;16,56;11/02/2026 03:00
CTI 02;16,88;11/02/2026 03:30
CTI 02;17,33;11/02/2026 04:00
CTI 02;16,28;11/02/2026 04:30
CTI 02;17,23;11/02/2026 05:00
CTI 02;16,54;11/02/2026 05:30
CTI 02;17,08;11/02/2026 06:00
CTI 02;17,27;11/02/2026 06:30
CTI 02;16,32;11/02/2026 07:00
CTI 02;16,26;11/02/2026 07:30
CTI 02;16,04;11/02/2026 08:00
CTI 02;17,76;11/02/2026 08:30
CTI 02;17,26;11/02/2026 09:00
CTI 02;17,30;11/02/2026 09:30
CTI 02;17,89;11/02/2026 10:00
CTI 02;17,62;11/02/2026 10:30
CTI 02;17,07;11/02/2026 11:00
CTI 02;18,43;11/02/2026 11:30
CTI 02;17,10;11/02/2026 12:00
CTI 02;17,18;11/02/2026 12:30
CTI 02;18,44;11/02/2026 13:00
CTI 02;17,47;11/02/2026 13:30
CTI 02;17,31;11/02/2026 14:00
CTI 02;17,52;11/02/2026 14:30
CTI 02;17,92;11/02/2026 15:00
CTI 02;17,70;11/02/2026 15:30
CTI 02;18,17;11/02/2026 16:00
CTI 02;18,52;11/02/2026 16:30
CTI 02;19,43;11/02/2026 17:00
CTI 02;18,13;11/02/2026 17:30
CTI 02;17,67;11/02/2026 18:00
CTI 02;18,99;11/02/2026 18:30
CTI 02;17,39;11/02/2026 19:00
CTI 02;17,89;11/02/2026 19:30
CTI 02;17,96;11/02/2026 20:00
CTI 02;17,90;11/02/2026 20:30
CTI 02;19,48;11/02/2026 21:00
CTI 02;19,05;11/02/2026 21:30
CTI 02;17,19;11/02/2026 22:00
CTI 02;16,98;11/02/2026 22:30
CTI 02;17,97;11/02/2026 23:00
CTI 02;17,53;11/02/2026 23:30
CTI 03;16,00;09/02/2026 00:00
CTI 03;16,00;09/02/2026 00:30
CTI 03;-;09/02/2026 01:00
CTI 03;-;09/02/2026 01:30
CTI 03;-;09/02/2026 02:00
CTI 03;-;09/02/2026 02:30
CTI 03;-;09/02/2026 03:00
CTI 03;-;09/02/2026 03:30
CTI 03;-;09/02/2026 04:00
CTI 03;-;09/02/2026 04:30
CTI 03;-;09/02/2026 05:00
CTI 03;-;09/02/2026 05:30
CTI 03;-;09/02/2026 06:00
CTI 03;16,00;09/02/2026 06:30
CTI 03;15,88;09/02/2026 07:00
CTI 03;16,00;09/02/2026 07:30
CTI 03;16,00;09/02/2026 08:00
CTI 03;16,00;09/02/2026 08:30
CTI 03;16,00;09/02/2026 09:00
CTI 03;16,00;09/02/2026 09:30
CTI 03;16,00;09/02/2026 10:00
CTI 03;16,00;09/02/2026 10:30
CTI 03;16,00;09/02/2026 11:00
CTI 03;16,00;09/02/2026 11:30
CTI 03;16,00;09/02/2026 12:00
CTI 03;16,00;09/02/2026 12:30
CTI 03;16,00;09/02/2026 13:00
CTI 03;16,00;09/02/2026 13:30
CTI 03;16,00;09/02/2026 14:00
CTI 03;16,00;09/02/2026 14:30
CTI 03;16,00;09/02/2026 15:00
CTI 03;16,00;09/02/2026 15:30
CTI 03;15,86;09/02/2026 16:00
CTI 03;16,00;09/02/2026 16:30
CTI 03;16,00;09/02/2026 17:00
CTI 03;15,89;09/02/2026 17:30
CTI 03;16,00;09/02/2026 18:00
CTI 03;15,93;09/02/2026 18:30
CTI 03;16,00;09/02/2026 19:00
CTI 03;16,00;09/02/2026 19:30
CTI 03;16,00;09/02/2026 20:00
CTI 03;16,00;09/02/2026 20:30
CTI 03;15,93;09/02/2026 21:00
CTI 03;16,00;09/02/2026 21:30
CTI 03;15,91;09/02/2026 22:00
CTI 03;16,00;09/02/2026 22:30
CTI 03;16,00;09/02/2026 23:00
CTI 03;16,00;09/02/2026 23:30
CTI 03;15,92;10/02/2026 00:00
CTI 03;15,92;10/02/2026 00:30
CTI 03;16,00;10/02/2026 01:00
CTI 03;15,89;10/02/2026 01:30
CTI 03;16,00;10/02/2026 02:00
CTI 03;16,00;10/02/2026 02:30
CTI 03;16,00;10/02/2026 03:00
CTI 03;16,00;10/02/2026 03:30
CTI 03;16,00;10/02/2026 04:00
CTI 03;16,00;10/02/2026 04:30
CTI 03;15,92;10/02/2026 05:00
CTI 03;16,00;10/02/2026 05:30
CTI 03;16,00;10/02/2026 06:00
CTI 03;16,00;10/02/2026 06:30
CTI 03;15,89;10/02/2026 07:00
CTI 03;15,91;10/02/2026 07:30
CTI 03;16,00;10/02/2026 08:00
CTI 03;16,00;10/02/2026 08:30
CTI 03;16,00;10/02/2026 09:00
CTI 03;15,87;10/02/2026 09:30
CTI 03;16,00;10/02/2026 10:00
CTI 03;16,00;10/02/2026 10:30
CTI 03;16,00;10/02/2026 11:00
CTI 03;16,00;10/02/2026 11:30
CTI 03;16,00;10/02/2026 12:00
CTI 03;15,94;10/02/2026 12:30
CTI 03;16,00;10/02/2026 13:00
CTI 03;15,93;10/02/2026 13:30
CTI 03;15,91;10/02/2026 14:00
CTI 03;16,00;10/02/2026 14:30
CTI 03;16,00;10/02/2026 15:00
CTI 03;16,00;10/02/2026 15:30
CTI 03;16,00;10/02/2026 16:00
CTI 03;16,00;10/02/2026 16:30
CTI 03;16,00;10/02/2026 17:00
CTI 03;16,00;10/02/2026 17:30
CTI 03;16,00;10/02/2026 18:00
CTI 03;16,00;10/02/2026 18:30
CTI 03;16,00;10/02/2026 19:00
CTI 03;15,95;10/02/2026 19:30
CTI 03;16,00;10/02/2026 20:00
CTI 03;16,00;10/02/2026 20:30
CTI 03;15,93;10/02/2026 21:00
CTI 03;16,00;10/02/2026 21:30
CTI 03;15,92;10/02/2026 22:00
CTI 03;16,00;10/02/2026 22:30
CTI 03;16,00;10/02/2026 23:00
CTI 03;16,00;10/02/2026 23:30
CTI 03;15,91;11/02/2026 00:00
CTI 03;16,00;11/02/2026 00:30
CTI 03;-;11/02/2026 01:00
CTI 03;-;11/02/2026 01:30
CTI 03;-;11/02/2026 02:00
CTI 03;-;11/02/2026 02:30
CTI 03;-;11/02/2026 03:00
CTI 03;-;11/02/2026 03:30
CTI 03;-;11/02/2026 04:00
CTI 03;16,00;11/02/2026 04:30
CTI 03;16,00;11/02/2026 05:00
CTI 03;16,00;11/02/2026 05:30
CTI 03;16,00;11/02/2026 06:00
CTI 03;16,00;11/02/2026 06:30
CTI 03;15,88;11/02/2026 07:00
CTI 03;16,00;11/02/2026 07:30
CTI 03;15,91;11/02/2026 08:00
CTI 03;15,93;11/02/2026 08:30
CTI 03;16,00;11/02/2026 09:00
CTI 03;15,91;11/02/2026 09:30
CTI 03;16,00;11/02/2026 10:00
CTI 03;16,00;11/02/2026 10:30
CTI 03;16,00;11/02/2026 11:00
CTI 03;15,92;11/02/2026 11:30
CTI 03;16,00;11/02/2026 12:00
CTI 03;16,00;11/02/2026 12:30
CTI 03;16,00;11/02/2026 13:00
CTI 03;16,00;11/02/2026 13:30
CTI 03;16,00;11/02/2026 14:00
CTI 03;16,00;11/02/2026 14:30
CTI 03;16,00;11/02/2026 15:00
CTI 03;16,00;11/02/2026 15:30
CTI 03;16,00;11/02/2026 16:00
CTI 03;15,93;11/02/2026 16:30
CTI 03;16,00;11/02/2026 17:00
CTI 03;16,00;11/02/2026 17:30
CTI 03;16,00;11/02/2026 18:00
CTI 03;15,91;11/02/2026 18:30
CTI 03;16,00;11/02/2026 19:00
CTI 03;16,00;11/02/2026 19:30
CTI 03;15,92;11/02/2026 20:00
CTI 03;16,00;11/02/2026 20:30
CTI 03;16,00;11/02/2026 21:00
CTI 03;16,00;11/02/2026 21:30
CTI 03;16,00;11/02/2026 22:00
CTI 03;16,00;11/02/2026 22:30
CTI 03;15,94;11/02/2026 23:00
CTI 03;16,00;11/02/2026 23:30
CTI 04;18,51;09/02/2026 00:00
CTI 04;17,96;09/02/2026 00:30
CTI 04;17,19;09/02/2026 01:00
CTI 04;17,70;09/02/2026 01:30
CTI 04;17,11;09/02/2026 02:00
CTI 04;16,43;09/02/2026 02:30
CTI 04;17,61;09/02/2026 03:00
CTI 04;17,56;09/02/2026 03:30
CTI 04;16,42;09/02/2026 04:00
CTI 04;19,10;09/02/2026 04:30
CTI 04;18,67;09/02/2026 05:00
CTI 04;18,74;09/02/2026 05:30
CTI 04;16,38;09/02/2026 06:00
CTI 04;17,21;09/02/2026 06:30
CTI 04;16,63;09/02/2026 07:00
CTI 04;18,16;09/02/2026 07:30
CTI 04;18,25;09/02/2026 08:00
CTI 04;17,14;09/02/2026 08:30
CTI 04;18,11;09/02/2026 09:00
CTI 04;17,24;09/02/2026 09:30
CTI 04;17,44;09/02/2026 10:00
CTI 04;16,21;09/02/2026 10:30
CTI 04;16,75;09/02/2026 11:00
CTI 04;18,15;09/02/2026 11:30
CTI 04;17,25;09/02/2026 12:00
CTI 04;17,16;09/02/2026 12:30
CTI 04;17,20;09/02/2026 13:00
CTI 04;18,12;09/02/2026 13:30
CTI 04;17,41;09/02/2026 14:00
CTI 04;18,29;09/02/2026 14:30
CTI 04;17,81;09/02/2026 15:00
CTI 04;18,75;09/02/2026 15:30
CTI 04;16,90;09/02/2026 16:00
CTI 04;17,86;09/02/2026 16:30
CTI 04;17,48;09/02/2026 17:00
CTI 04;17,95;09/02/2026 17:30
CTI 04;17,27;09/02/2026 18:00
CTI 04;16,38;09/02/2026 18:30
CTI 04;17,52;09/02/2026 19:00
CTI 04;17,80;09/02/2026 19:30
CTI 04;17,14;09/02/2026 20:00
CTI 04;16,45;09/02/2026 20:30
CTI 04;17,45;09/02/2026 21:00
CTI 04;16,94;09/02/2026 21:30
CTI 04;17,59;09/02/2026 22:00
CTI 04;17,20;09/02/2026 22:30
CTI 04;17,95;09/02/2026 23:00
CTI 04;16,85;09/02/2026 23:30
CTI 04;17,61;10/02/2026 00:00
CTI 04;16,72;10/02/2026 00:30
CTI 04;17,43;10/02/2026 01:00
CTI 04;18,26;10/02/2026 01:30
CTI 04;17,95;10/02/2026 02:00
CTI 04;16,70;10/02/2026 02:30
CTI 04;16,60;10/02/2026 03:00
CTI 04;16,11;10/02/2026 03:30
CTI 04;17,95;10/02/2026 04:00
CTI 04;18,97;10/02/2026 04:30
CTI 04;17,33;10/02/2026 05:00
CTI 04;18,62;10/02/2026 05:30
CTI 04;18,74;10/02/2026 06:00
CTI 04;17,87;10/02/2026 06:30
CTI 04;17,54;10/02/2026 07:00
CTI 04;17,39;10/02/2026 07:30
CTI 04;16,79;10/02/2026 08:00
CTI 04;18,45;10/02/2026 08:30
CTI 04;17,67;10/02/2026 09:00
CTI 04;16,93;10/02/2026 09:30
CTI 04;17,07;10/02/2026 10:00
CTI 04;17,27;10/02/2026 10:30
CTI 04;17,26;10/02/2026 11:00
CTI 04;17,22;10/02/2026 11:30
CTI 04;16,54;10/02/2026 12:00
CTI 04;16,55;10/02/2026 12:30
CTI 04;17,66;10/02/2026 13:00
CTI 04;16,28;10/02/2026 13:30
CTI 04;16,77;10/02/2026 14:00
CTI 04;16,33;10/02/2026 14:30
CTI 04;17,31;10/02/2026 15:00
CTI 04;17,26;10/02/2026 15:30
CTI 04;16,78;10/02/2026 16:00
CTI 04;18,16;10/02/2026 16:30
CTI 04;16,66;10/02/2026 17:00
CTI 04;19,00;10/02/2026 17:30
CTI 04;17,92;10/02/2026 18:00
CTI 04;18,40;10/02/2026 18:30
CTI 04;18,37;10/02/2026 19:00
CTI 04;16,94;10/02/2026 19:30
CTI 04;18,48;10/02/2026 20:00
CTI 04;17,41;10/02/2026 20:30
CTI 04;18,00;10/02/2026 21:00
CTI 04;17,49;10/02/2026 21:30
CTI 04;18,39;10/02/2026 22:00
CTI 04;18,16;10/02/2026 22:30
CTI 04;18,75;10/02/2026 23:00
CTI 04;18,66;10/02/2026 23:30
CTI 04;17,46;11/02/2026 00:00
CTI 04;18,31;11/02/2026 00:30
CTI 04;18,41;11/02/2026 01:00
CTI 04;18,18;11/02/2026 01:30
CTI 04;17,36;11/02/2026 02:00
CTI 04;19,00;11/02/2026 02:30
CTI 04;16,56;11/02/2026 03:00
CTI 04;16,07;11/02/2026 03:30
CTI 04;17,76;11/02/2026 04:00
CTI 04;17,28;11/02/2026 04:30
CTI 04;17,42;11/02/2026 05:00
CTI 04;17,77;11/02/2026 05:30
CTI 04;17,89;11/02/2026 06:00
CTI 04;17,92;11/02/2026 06:30
CTI 04;18,56;11/02/2026 07:00
CTI 04;18,26;11/02/2026 07:30
CTI 04;17,73;11/02/2026 08:00
CTI 04;16,87;11/02/2026 08:30
CTI 04;18,87;11/02/2026 09:00
CTI 04;18,38;11/02/2026 09:30
CTI 04;18,35;11/02/2026 10:00
CTI 04;18,41;11/02/2026 10:30
CTI 04;17,44;11/02/2026 11:00
CTI 04;18,63;11/02/2026 11:30
CTI 04;18,62;11/02/2026 12:00
CTI 04;19,14;11/02/2026 12:30
CTI 04;17,62;11/02/2026 13:00
CTI 04;18,48;11/02/2026 13:30
CTI 04;17,82;11/02/2026 14:00
CTI 04;18,76;11/02/2026 14:30
CTI 04;18,96;11/02/2026 15:00
CTI 04;20,63;11/02/2026 15:30
CTI 04;19,50;11/02/2026 16:00
CTI 04;18,06;11/02/2026 16:30
CTI 04;20,39;11/02/2026 17:00
CTI 04;20,24;11/02/2026 17:30
CTI 04;20,60;11/02/2026 18:00
CTI 04;20,83;11/02/2026 18:30
CTI 04;20,38;11/02/2026 19:00
CTI 04;20,69;11/02/2026 19:30
CTI 04;19,20;11/02/2026 20:00
CTI 04;18,35;11/02/2026 20:30
CTI 04;19,05;11/02/2026 21:00
CTI 04;18,70;11/02/2026 21:30
CTI 04;17,68;11/02/2026 22:00
CTI 04;20,92;11/02/2026 22:30
CTI 04;20,34;11/02/2026 23:00
CTI 04;20,18;11/02/2026 23:30
Farmácia Satelite;-;09/02/2026 00:00
Farmácia Satelite;-;09/02/2026 00:30
Farmácia Satelite;-;09/02/2026 01:00
Farmácia Satelite;-;09/02/2026 01:30
Farmácia Satelite;-;09/02/2026 02:00
Farmácia Satelite;-;09/02/2026 02:30
Farmácia Satelite;-;09/02/2026 03:00
Farmácia Satelite;-;09/02/2026 03:30
Farmácia Satelite;-;09/02/2026 04:00
Farmácia Satelite;-;09/02/2026 04:30
Farmácia Satelite;-;09/02/2026 05:00
Farmácia Satelite;-;09/02/2026 05:30
Farmácia Satelite;-;09/02/2026 06:00
Farmácia Satelite;-;09/02/2026 06:30
Farmácia Satelite;-;09/02/2026 07:00
Farmácia Satelite;16,13;09/02/2026 07:30
Farmácia Satelite;16,98;09/02/2026 08:00
Farmácia Satelite;16,64;09/02/2026 08:30
Farmácia Satelite;15,90;09/02/2026 09:00
Farmácia Satelite;-;09/02/2026 09:30
Farmácia Satelite;-;09/02/2026 10:00
Farmácia Satelite;-;09/02/2026 10:30
Farmácia Satelite;-;09/02/2026 11:00
Farmácia Satelite;-;09/02/2026 11:30
Farmácia Satelite;-;09/02/2026 12:00
Farmácia Satelite;-;09/02/2026 12:30
Farmácia Satelite;-;09/02/2026 13:00
Farmácia Satelite;-;09/02/2026 13:30
Farmácia Satelite;-;09/02/2026 14:00
Farmácia Satelite;-;09/02/2026 14:30
Farmácia Satelite;-;09/02/2026 15:00
Farmácia Satelite;-;09/02/2026 15:30
Farmácia Satelite;-;09/02/2026 16:00
Farmácia Satelite;-;09/02/2026 16:30
Farmácia Satelite;-;09/02/2026 17:00
Farmácia Satelite;-;09/02/2026 17:30
Farmácia Satelite;-;09/02/2026 18:00
Farmácia Satelite;-;09/02/2026 18:30
Farmácia Satelite;-;09/02/2026 19:00
Farmácia Satelite;-;09/02/2026 19:30
Farmácia Satelite;-;09/02/2026 20:00
Farmácia Satelite;-;09/02/2026 20:30
Farmácia Satelite;-;09/02/2026 21:00
Farmácia Satelite;-;09/02/2026 21:30
Farmácia Satelite;-;09/02/2026 22:00
Farmácia Satelite;-;09/02/2026 22:30
Farmácia Satelite;-;09/02/2026 23:00
Farmácia Satelite;15,88;09/02/2026 23:30
Farmácia Satelite;16,23;10/02/2026 00:00
Farmácia Satelite;15,88;10/02/2026 00:30
Farmácia Satelite;15,80;10/02/2026 01:00
Farmácia Satelite;-;10/02/2026 01:30
Farmácia Satelite;-;10/02/2026 02:00
Farmácia Satelite;-;10/02/2026 02:30
Farmácia Satelite;-;10/02/2026 03:00
Farmácia Satelite;-;10/02/2026 03:30
Farmácia Satelite;-;10/02/2026 04:00
Farmácia Satelite;-;10/02/2026 04:30
Farmácia Satelite;-;10/02/2026 05:00
Farmácia Satelite;-;10/02/2026 05:30
Farmácia Satelite;-;10/02/2026 06:00
Farmácia Satelite;15,88;10/02/2026 06:30
Farmácia Satelite;-;10/02/2026 07:00
Farmácia Satelite;-;10/02/2026 07:30
Farmácia Satelite;-;10/02/2026 08:00
Farmácia Satelite;-;10/02/2026 08:30
Farmácia Satelite;15,91;10/02/2026 09:00
Farmácia Satelite;-;10/02/2026 09:30
Farmácia Satelite;-;10/02/2026 10:00
Farmácia Satelite;-;10/02/2026 10:30
Farmácia Satelite;-;10/02/2026 11:00
Farmácia Satelite;-;10/02/2026 11:30
Farmácia Satelite;-;10/02/2026 12:00
Farmácia Satelite;-;10/02/2026 12:30
Farmácia Satelite;15,91;10/02/2026 13:00
Farmácia Satelite;-;10/02/2026 13:30
Farmácia Satelite;-;10/02/2026 14:00
Farmácia Satelite;-;10/02/2026 14:30
Farmácia Satelite;-;10/02/2026 15:00
Farmácia Satelite;-;10/02/2026 15:30
Farmácia Satelite;-;10/02/2026 16:00
Farmácia Satelite;15,95;10/02/2026 16:30
Farmácia Satelite;15,92;10/02/2026 17:00
Farmácia Satelite;-;10/02/2026 17:30
Farmácia Satelite;-;10/02/2026 18:00
Farmácia Satelite;-;10/02/2026 18:30
Farmácia Satelite;-;10/02/2026 19:00
Farmácia Satelite;-;10/02/2026 19:30
Farmácia Satelite;-;10/02/2026 20:00
Farmácia Satelite;-;10/02/2026 20:30
Farmácia Satelite;-;10/02/2026 21:00
Farmácia Satelite;-;10/02/2026 21:30
Farmácia Satelite;-;10/02/2026 22:00
Farmácia Satelite;-;10/02/2026 22:30
Farmácia Satelite;-;10/02/2026 23:00
Farmácia Satelite;15,93;10/02/2026 23:30
Farmácia Satelite;16,92;11/02/2026 00:00
Farmácia Satelite;15,95;11/02/2026 00:30
Farmácia Satelite;-;11/02/2026 01:00
Farmácia Satelite;-;11/02/2026 01:30
Farmácia Satelite;-;11/02/2026 02:00
Farmácia Satelite;-;11/02/2026 02:30
Farmácia Satelite;-;11/02/2026 03:00
Farmácia Satelite;-;11/02/2026 03:30
Farmácia Satelite;-;11/02/2026 04:00
Farmácia Satelite;-;11/02/2026 04:30
Farmácia Satelite;-;11/02/2026 05:00
Farmácia Satelite;15,83;11/02/2026 05:30
Farmácia Satelite;16,18;11/02/2026 06:00
Farmácia Satelite;16,11;11/02/2026 06:30
Farmácia Satelite;16,34;11/02/2026 07:00
Farmácia Satelite;15,94;11/02/2026 07:30
Farmácia Satelite;-;11/02/2026 08:00
Farmácia Satelite;-;11/02/2026 08:30
Farmácia Satelite;-;11/02/2026 09:00
Farmácia Satelite;-;11/02/2026 09:30
Farmácia Satelite;-;11/02/2026 10:00
Farmácia Satelite;-;11/02/2026 10:30
Farmácia Satelite;-;11/02/2026 11:00
Farmácia Satelite;-;11/02/2026 11:30
Farmácia Satelite;15,83;11/02/2026 12:00
Farmácia Satelite;-;11/02/2026 12:30
Farmácia Satelite;-;11/02/2026 13:00
Farmácia Satelite;-;11/02/2026 13:30
Farmácia Satelite;-;11/02/2026 14:00
Farmácia Satelite;-;11/02/2026 14:30
Farmácia Satelite;-;11/02/2026 15:00
Farmácia Satelite;-;11/02/2026 15:30
Farmácia Satelite;-;11/02/2026 16:00
Farmácia Satelite;-;11/02/2026 16:30
Farmácia Satelite;15,94;11/02/2026 17:00
Farmácia Satelite;-;11/02/2026 17:30
Farmácia Satelite;-;11/02/2026 18:00
Farmácia Satelite;-;11/02/2026 18:30
Farmácia Satelite;-;11/02/2026 19:00
Farmácia Satelite;-;11/02/2026 19:30
Farmácia Satelite;-;11/02/2026 20:00
Farmácia Satelite;15,94;11/02/2026 20:30
Farmácia Satelite;-;11/02/2026 21:00
Farmácia Satelite;-;11/02/2026 21:30
Farmácia Satelite;-;11/02/2026 22:00
Farmácia Satelite;-;11/02/2026 22:30
Farmácia Satelite;15,95;11/02/2026 23:00
Farmácia Satelite;15,80;11/02/2026 23:30
Hemodialise;16,74;09/02/2026 00:00
Hemodialise;16,20;09/02/2026 00:30
Hemodialise;16,25;09/02/2026 01:00
Hemodialise;16,68;09/02/2026 01:30
Hemodialise;16,94;09/02/2026 02:00
Hemodialise;16,79;09/02/2026 02:30
Hemodialise;16,41;09/02/2026 03:00
Hemodialise;16,65;09/02/2026 03:30
Hemodialise;16,30;09/02/2026 04:00
Hemodialise;16,02;09/02/2026 04:30
Hemodialise;16,43;09/02/2026 05:00
Hemodialise;16,11;09/02/2026 05:30
Hemodialise;16,74;09/02/2026 06:00
Hemodialise;18,48;09/02/2026 06:30
Hemodialise;18,98;09/02/2026 07:00
Hemodialise;17,21;09/02/2026 07:30
Hemodialise;19,25;09/02/2026 08:00
Hemodialise;18,96;09/02/2026 08:30
Hemodialise;20,65;09/02/2026 09:00
Hemodialise;17,84;09/02/2026 09:30
Hemodialise;16,95;09/02/2026 10:00
Hemodialise;16,03;09/02/2026 10:30
Hemodialise;18,59;09/02/2026 11:00
Hemodialise;18,62;09/02/2026 11:30
Hemodialise;18,94;09/02/2026 12:00
Hemodialise;19,74;09/02/2026 12:30
Hemodialise;20,93;09/02/2026 13:00
Hemodialise;18,63;09/02/2026 13:30
Hemodialise;21,11;09/02/2026 14:00
Hemodialise;18,71;09/02/2026 14:30
Hemodialise;20,09;09/02/2026 15:00
Hemodialise;19,56;09/02/2026 15:30
Hemodialise;18,78;09/02/2026 16:00
Hemodialise;21,05;09/02/2026 16:30
Hemodialise;20,23;09/02/2026 17:00
Hemodialise;21,18;09/02/2026 17:30
Hemodialise;19,95;09/02/2026 18:00
Hemodialise;19,63;09/02/2026 18:30
Hemodialise;20,43;09/02/2026 19:00
Hemodialise;18,32;09/02/2026 19:30
Hemodialise;18,11;09/02/2026 20:00
Hemodialise;17,49;09/02/2026 20:30
Hemodialise;18,40;09/02/2026 21:00
Hemodialise;20,06;09/02/2026 21:30
Hemodialise;18,82;09/02/2026 22:00
Hemodialise;18,85;09/02/2026 22:30
Hemodialise;18,88;09/02/2026 23:00
Hemodialise;18,04;09/02/2026 23:30
Hemodialise;19,42;10/02/2026 00:00
Hemodialise;17,56;10/02/2026 00:30
Hemodialise;19,29;10/02/2026 01:00
Hemodialise;18,65;10/02/2026 01:30
Hemodialise;18,24;10/02/2026 02:00
Hemodialise;19,02;10/02/2026 02:30
Hemodialise;17,75;10/02/2026 03:00
Hemodialise;17,56;10/02/2026 03:30
Hemodialise;18,62;10/02/2026 04:00
Hemodialise;17,83;10/02/2026 04:30
Hemodialise;19,28;10/02/2026 05:00
Hemodialise;19,02;10/02/2026 05:30
Hemodialise;19,85;10/02/2026 06:00
Hemodialise;18,67;10/02/2026 06:30
Hemodialise;19,08;10/02/2026 07:00
Hemodialise;18,45;10/02/2026 07:30
Hemodialise;18,84;10/02/2026 08:00
Hemodialise;20,07;10/02/2026 08:30
Hemodialise;19,16;10/02/2026 09:00
Hemodialise;20,36;10/02/2026 09:30
Hemodialise;19,27;10/02/2026 10:00
Hemodialise;20,25;10/02/2026 10:30
Hemodialise;20,04;10/02/2026 11:00
Hemodialise;20,64;10/02/2026 11:30
Hemodialise;21,75;10/02/2026 12:00
Hemodialise;19,48;10/02/2026 12:30
Hemodialise;20,30;10/02/2026 13:00
Hemodialise;21,31;10/02/2026 13:30
Hemodialise;18,31;10/02/2026 14:00
Hemodialise;19,65;10/02/2026 14:30
Hemodialise;18,51;10/02/2026 15:00
Hemodialise;18,84;10/02/2026 15:30
Hemodialise;20,17;10/02/2026 16:00
Hemodialise;19,44;10/02/2026 16:30
Hemodialise;21,02;10/02/2026 17:00
Hemodialise;18,40;10/02/2026 17:30
Hemodialise;18,19;10/02/2026 18:00
Hemodialise;18,52;10/02/2026 18:30
Hemodialise;19,51;10/02/2026 19:00
Hemodialise;20,33;10/02/2026 19:30
Hemodialise;18,94;10/02/2026 20:00
Hemodialise;19,67;10/02/2026 20:30
Hemodialise;19,51;10/02/2026 21:00
Hemodialise;19,09;10/02/2026 21:30
Hemodialise;19,15;10/02/2026 22:00
Hemodialise;18,04;10/02/2026 22:30
Hemodialise;17,65;10/02/2026 23:00
Hemodialise;18,92;10/02/2026 23:30
Hemodialise;17,99;11/02/2026 00:00
Hemodialise;19,04;11/02/2026 00:30
Hemodialise;19,30;11/02/2026 01:00
Hemodialise;17,61;11/02/2026 01:30
Hemodialise;18,10;11/02/2026 02:00
Hemodialise;17,52;11/02/2026 02:30
Hemodialise;16,50;11/02/2026 03:00
Hemodialise;18,89;11/02/2026 03:30
Hemodialise;20,14;11/02/2026 04:00
Hemodialise;19,08;11/02/2026 04:30
Hemodialise;17,67;11/02/2026 05:00
Hemodialise;18,39;11/02/2026 05:30
Hemodialise;17,61;11/02/2026 06:00
Hemodialise;19,20;11/02/2026 06:30
Hemodialise;19,76;11/02/2026 07:00
Hemodialise;20,74;11/02/2026 07:30
Hemodialise;19,25;11/02/2026 08:00
Hemodialise;18,78;11/02/2026 08:30
Hemodialise;18,92;11/02/2026 09:00
Hemodialise;19,28;11/02/2026 09:30
Hemodialise;19,54;11/02/2026 10:00
Hemodialise;17,38;11/02/2026 10:30
Hemodialise;19,14;11/02/2026 11:00
Hemodialise;17,65;11/02/2026 11:30
Hemodialise;18,63;11/02/2026 12:00
Hemodialise;19,21;11/02/2026 12:30
Hemodialise;18,17;11/02/2026 13:00
Hemodialise;18,42;11/02/2026 13:30
Hemodialise;19,30;11/02/2026 14:00
Hemodialise;19,34;11/02/2026 14:30
Hemodialise;17,60;11/02/2026 15:00
Hemodialise;20,61;11/02/2026 15:30
Hemodialise;17,99;11/02/2026 16:00
Hemodialise;19,75;11/02/2026 16:30
Hemodialise;18,57;11/02/2026 17:00
Hemodialise;18,16;11/02/2026 17:30
Hemodialise;18,79;11/02/2026 18:00
Hemodialise;18,85;11/02/2026 18:30
Hemodialise;19,50;11/02/2026 19:00
Hemodialise;18,21;11/02/2026 19:30
Hemodialise;19,22;11/02/2026 20:00
Hemodialise;19,15;11/02/2026 20:30
Hemodialise;18,04;11/02/2026 21:00
Hemodialise;19,42;11/02/2026 21:30
Hemodialise;19,61;11/02/2026 22:00
Hemodialise;18,25;11/02/2026 22:30
Hemodialise;19,79;11/02/2026 23:00
Hemodialise;19,23;11/02/2026 23:30
Laboratorio;15,92;09/02/2026 00:00
Laboratorio;15,92;09/02/2026 00:30
Laboratorio;15,65;09/02/2026 01:00
Laboratorio;16,00;09/02/2026 01:30
Laboratorio;15,75;09/02/2026 02:00
Laboratorio;16,00;09/02/2026 02:30
Laboratorio;15,75;09/02/2026 03:00
Laboratorio;16,00;09/02/2026 03:30
Laboratorio;15,87;09/02/2026 04:00
Laboratorio;15,94;09/02/2026 04:30
Laboratorio;15,69;09/02/2026 05:00
Laboratorio;16,00;09/02/2026 05:30
Laboratorio;16,00;09/02/2026 06:00
Laboratorio;15,94;09/02/2026 06:30
Laboratorio;16,00;09/02/2026 07:00
Laboratorio;16,00;09/02/2026 07:30
Laboratorio;15,67;09/02/2026 08:00
Laboratorio;16,00;09/02/2026 08:30
Laboratorio;15,86;09/02/2026 09:00
Laboratorio;16,00;09/02/2026 09:30
Laboratorio;16,00;09/02/2026 10:00
Laboratorio;16,00;09/02/2026 10:30
Laboratorio;16,00;09/02/2026 11:00
Laboratorio;15,75;09/02/2026 11:30
Laboratorio;15,91;09/02/2026 12:00
Laboratorio;16,00;09/02/2026 12:30
Laboratorio;16,00;09/02/2026 13:00
Laboratorio;16,00;09/02/2026 13:30
Laboratorio;16,00;09/02/2026 14:00
Laboratorio;15,50;09/02/2026 14:30
Laboratorio;15,80;09/02/2026 15:00
Laboratorio;16,00;09/02/2026 15:30
Laboratorio;16,00;09/02/2026 16:00
Laboratorio;16,00;09/02/2026 16:30
Laboratorio;16,00;09/02/2026 17:00
Laboratorio;16,00;09/02/2026 17:30
Laboratorio;15,83;09/02/2026 18:00
Laboratorio;16,00;09/02/2026 18:30
Laboratorio;15,53;09/02/2026 19:00
Laboratorio;15,08;09/02/2026 19:30
Laboratorio;15,86;09/02/2026 20:00
Laboratorio;15,85;09/02/2026 20:30
Laboratorio;16,00;09/02/2026 21:00
Laboratorio;15,88;09/02/2026 21:30
Laboratorio;16,00;09/02/2026 22:00
Laboratorio;16,00;09/02/2026 22:30
Laboratorio;16,00;09/02/2026 23:00
Laboratorio;15,90;09/02/2026 23:30
Laboratorio;16,00;10/02/2026 00:00
Laboratorio;16,00;10/02/2026 00:30
Laboratorio;15,83;10/02/2026 01:00
Laboratorio;16,00;10/02/2026 01:30
Laboratorio;15,80;10/02/2026 02:00
Laboratorio;16,00;10/02/2026 02:30
Laboratorio;15,50;10/02/2026 03:00
Laboratorio;15,86;10/02/2026 03:30
Laboratorio;15,57;10/02/2026 04:00
Laboratorio;16,00;10/02/2026 04:30
Laboratorio;15,86;10/02/2026 05:00
Laboratorio;16,00;10/02/2026 05:30
Laboratorio;16,00;10/02/2026 06:00
Laboratorio;16,00;10/02/2026 06:30
Laboratorio;15,89;10/02/2026 07:00
Laboratorio;16,00;10/02/2026 07:30
Laboratorio;16,00;10/02/2026 08:00
Laboratorio;16,00;10/02/2026 08:30
Laboratorio;16,00;10/02/2026 09:00
Laboratorio;15,90;10/02/2026 09:30
Laboratorio;15,92;10/02/2026 10:00
Laboratorio;15,91;10/02/2026 10:30
Laboratorio;15,85;10/02/2026 11:00
Laboratorio;16,00;10/02/2026 11:30
Laboratorio;16,00;10/02/2026 12:00
Laboratorio;16,00;10/02/2026 12:30
Laboratorio;15,80;10/02/2026 13:00
Laboratorio;15,90;10/02/2026 13:30
Laboratorio;16,00;10/02/2026 14:00
Laboratorio;16,00;10/02/2026 14:30
Laboratorio;16,00;10/02/2026 15:00
Laboratorio;15,80;10/02/2026 15:30
Laboratorio;16,00;10/02/2026 16:00
Laboratorio;15,67;10/02/2026 16:30
Laboratorio;15,83;10/02/2026 17:00
Laboratorio;15,83;10/02/2026 17:30
Laboratorio;16,00;10/02/2026 18:00
Laboratorio;16,00;10/02/2026 18:30
Laboratorio;15,81;10/02/2026 19:00
Laboratorio;15,93;10/02/2026 19:30
Laboratorio;15,80;10/02/2026 20:00
Laboratorio;15,78;10/02/2026 20:30
Laboratorio;15,78;10/02/2026 21:00
Laboratorio;15,83;10/02/2026 21:30
Laboratorio;15,82;10/02/2026 22:00
Laboratorio;16,00;10/02/2026 22:30
Laboratorio;16,00;10/02/2026 23:00
Laboratorio;15,80;10/02/2026 23:30
Laboratorio;16,00;11/02/2026 00:00
Laboratorio;16,00;11/02/2026 00:30
Laboratorio;15,83;11/02/2026 01:00
Laboratorio;16,00;11/02/2026 01:30
Laboratorio;15,83;11/02/2026 02:00
Laboratorio;16,00;11/02/2026 02:30
Laboratorio;15,83;11/02/2026 03:00
Laboratorio;15,92;11/02/2026 03:30
Laboratorio;16,00;11/02/2026 04:00
Laboratorio;15,75;11/02/2026 04:30
Laboratorio;15,83;11/02/2026 05:00
Laboratorio;15,92;11/02/2026 05:30
Laboratorio;16,00;11/02/2026 06:00
Laboratorio;16,00;11/02/2026 06:30
Laboratorio;15,82;11/02/2026 07:00
Laboratorio;15,91;11/02/2026 07:30
Laboratorio;16,00;11/02/2026 08:00
Laboratorio;15,88;11/02/2026 08:30
Laboratorio;15,92;11/02/2026 09:00
Laboratorio;16,00;11/02/2026 09:30
Laboratorio;15,83;11/02/2026 10:00
Laboratorio;16,00;11/02/2026 10:30
Laboratorio;16,00;11/02/2026 11:00
Laboratorio;16,00;11/02/2026 11:30
Laboratorio;16,00;11/02/2026 12:00
Laboratorio;15,91;11/02/2026 12:30
Laboratorio;15,80;11/02/2026 13:00
Laboratorio;15,82;11/02/2026 13:30
Laboratorio;16,00;11/02/2026 14:00
Laboratorio;16,00;11/02/2026 14:30
Laboratorio;15,77;11/02/2026 15:00
Laboratorio;15,92;11/02/2026 15:30
Laboratorio;15,86;11/02/2026 16:00
Laboratorio;15,83;11/02/2026 16:30
Laboratorio;15,80;11/02/2026 17:00
Laboratorio;15,64;11/02/2026 17:30
Laboratorio;15,75;11/02/2026 18:00
Laboratorio;16,00;11/02/2026 18:30
Laboratorio;16,00;11/02/2026 19:00
Laboratorio;15,80;11/02/2026 19:30
Laboratorio;15,88;11/02/2026 20:00
Laboratorio;15,67;11/02/2026 20:30
Laboratorio;15,92;11/02/2026 21:00
Laboratorio;16,00;11/02/2026 21:30
Laboratorio;15,83;11/02/2026 22:00
Laboratorio;15,94;11/02/2026 22:30
Laboratorio;15,67;11/02/2026 23:00
Laboratorio;16,00;11/02/2026 23:30
Lactáreo;-;09/02/2026 00:00
Lactáreo;-;09/02/2026 00:30
Lactáreo;-;09/02/2026 01:00
Lactáreo;-;09/02/2026 01:30
Lactáreo;15,94;09/02/2026 02:00
Lactáreo;16,19;09/02/2026 02:30
Lactáreo;16,65;09/02/2026 03:00
Lactáreo;15,90;09/02/2026 03:30
Lactáreo;16,94;09/02/2026 04:00
Lactáreo;15,86;09/02/2026 04:30
Lactáreo;-;09/02/2026 05:00
Lactáreo;-;09/02/2026 05:30
Lactáreo;-;09/02/2026 06:00
Lactáreo;-;09/02/2026 06:30
Lactáreo;15,95;09/02/2026 07:00
Lactáreo;-;09/02/2026 07:30
Lactáreo;-;09/02/2026 08:00
Lactáreo;-;09/02/2026 08:30
Lactáreo;-;09/02/2026 09:00
Lactáreo;-;09/02/2026 09:30
Lactáreo;-;09/02/2026 10:00
Lactáreo;15,90;09/02/2026 10:30
Lactáreo;16,58;09/02/2026 11:00
Lactáreo;15,95;09/02/2026 11:30
Lactáreo;16,73;09/02/2026 12:00
Lactáreo;15,95;09/02/2026 12:30
Lactáreo;-;09/02/2026 13:00
Lactáreo;-;09/02/2026 13:30
Lactáreo;-;09/02/2026 14:00
Lactáreo;-;09/02/2026 14:30
Lactáreo;-;09/02/2026 15:00
Lactáreo;-;09/02/2026 15:30
Lactáreo;15,95;09/02/2026 16:00
Lactáreo;16,24;09/02/2026 16:30
Lactáreo;15,95;09/02/2026 17:00
Lactáreo;16,29;09/02/2026 17:30
Lactáreo;15,94;09/02/2026 18:00
Lactáreo;16,85;09/02/2026 18:30
Lactáreo;16,68;09/02/2026 19:00
Lactáreo;15,94;09/02/2026 19:30
Lactáreo;16,84;09/02/2026 20:00
Lactáreo;16,98;09/02/2026 20:30
Lactáreo;16,18;09/02/2026 21:00
Lactáreo;15,91;09/02/2026 21:30
Lactáreo;16,33;09/02/2026 22:00
Lactáreo;16,34;09/02/2026 22:30
Lactáreo;16,04;09/02/2026 23:00
Lactáreo;15,95;09/02/2026 23:30
Lactáreo;16,18;10/02/2026 00:00
Lactáreo;16,43;10/02/2026 00:30
Lactáreo;16,23;10/02/2026 01:00
Lactáreo;15,94;10/02/2026 01:30
Lactáreo;-;10/02/2026 02:00
Lactáreo;-;10/02/2026 02:30
Lactáreo;-;10/02/2026 03:00
Lactáreo;-;10/02/2026 03:30
Lactáreo;-;10/02/2026 04:00
Lactáreo;-;10/02/2026 04:30
Lactáreo;-;10/02/2026 05:00
Lactáreo;-;10/02/2026 05:30
Lactáreo;-;10/02/2026 06:00
Lactáreo;-;10/02/2026 06:30
Lactáreo;15,94;10/02/2026 07:00
Lactáreo;16,41;10/02/2026 07:30
Lactáreo;16,01;10/02/2026 08:00
Lactáreo;16,38;10/02/2026 08:30
Lactáreo;15,95;10/02/2026 09:00
Lactáreo;16,97;10/02/2026 09:30
Lactáreo;16,03;10/02/2026 10:00
Lactáreo;16,50;10/02/2026 10:30
Lactáreo;15,94;10/02/2026 11:00
Lactáreo;16,29;10/02/2026 11:30
Lactáreo;16,62;10/02/2026 12:00
Lactáreo;16,42;10/02/2026 12:30
Lactáreo;15,95;10/02/2026 13:00
Lactáreo;16,34;10/02/2026 13:30
Lactáreo;16,95;10/02/2026 14:00
Lactáreo;15,95;10/02/2026 14:30
Lactáreo;16,97;10/02/2026 15:00
Lactáreo;16,69;10/02/2026 15:30
Lactáreo;16,05;10/02/2026 16:00
Lactáreo;15,95;10/02/2026 16:30
Lactáreo;15,95;10/02/2026 17:00
Lactáreo;16,82;10/02/2026 17:30
Lactáreo;16,74;10/02/2026 18:00
Lactáreo;16,15;10/02/2026 18:30
Lactáreo;15,89;10/02/2026 19:00
Lactáreo;15,94;10/02/2026 19:30
Lactáreo;16,32;10/02/2026 20:00
Lactáreo;15,95;10/02/2026 20:30
Lactáreo;15,95;10/02/2026 21:00
Lactáreo;16,24;10/02/2026 21:30
Lactáreo;16,89;10/02/2026 22:00
Lactáreo;16,68;10/02/2026 22:30
Lactáreo;15,94;10/02/2026 23:00
Lactáreo;15,93;10/02/2026 23:30
Lactáreo;16,46;11/02/2026 00:00
Lactáreo;15,95;11/02/2026 00:30
Lactáreo;15,95;11/02/2026 01:00
Lactáreo;16,37;11/02/2026 01:30
Lactáreo;16,24;11/02/2026 02:00
Lactáreo;15,94;11/02/2026 02:30
Lactáreo;16,05;11/02/2026 03:00
Lactáreo;16,17;11/02/2026 03:30
Lactáreo;16,06;11/02/2026 04:00
Lactáreo;16,20;11/02/2026 04:30
Lactáreo;15,92;11/02/2026 05:00
Lactáreo;16,06;11/02/2026 05:30
Lactáreo;16,53;11/02/2026 06:00
Lactáreo;16,23;11/02/2026 06:30
Lactáreo;15,95;11/02/2026 07:00
Lactáreo;16,30;11/02/2026 07:30
Lactáreo;16,29;11/02/2026 08:00
Lactáreo;16,04;11/02/2026 08:30
Lactáreo;16,33;11/02/2026 09:00
Lactáreo;16,27;11/02/2026 09:30
Lactáreo;15,94;11/02/2026 10:00
Lactáreo;-;11/02/2026 10:30
Lactáreo;-;11/02/2026 11:00
Lactáreo;-;11/02/2026 11:30
Lactáreo;-;11/02/2026 12:00
Lactáreo;15,95;11/02/2026 12:30
Lactáreo;-;11/02/2026 13:00
Lactáreo;-;11/02/2026 13:30
Lactáreo;-;11/02/2026 14:00
Lactáreo;-;11/02/2026 14:30
Lactáreo;-;11/02/2026 15:00
Lactáreo;-;11/02/2026 15:30
Lactáreo;15,95;11/02/2026 16:00
Lactáreo;-;11/02/2026 16:30
Lactáreo;-;11/02/2026 17:00
Lactáreo;-;11/02/2026 17:30
Lactáreo;-;11/02/2026 18:00
Lactáreo;-;11/02/2026 18:30
Lactáreo;-;11/02/2026 19:00
Lactáreo;-;11/02/2026 19:30
Lactáreo;-;11/02/2026 20:00
Lactáreo;-;11/02/2026 20:30
Lactáreo;16,05;11/02/2026 21:00
Lactáreo;-;11/02/2026 21:30
Lactáreo;-;11/02/2026 22:00
Lactáreo;-;11/02/2026 22:30
Lactáreo;-;11/02/2026 23:00
Lactáreo;-;11/02/2026 23:30
Medicação CER;15,95;09/02/2026 00:00
Medicação CER;15,95;09/02/2026 00:30
Medicação CER;15,95;09/02/2026 01:00
Medicação CER;16,00;09/02/2026 01:30
Medicação CER;16,00;09/02/2026 02:00
Medicação CER;16,00;09/02/2026 02:30
Medicação CER;16,00;09/02/2026 03:00
Medicação CER;15,89;09/02/2026 03:30
Medicação CER;16,00;09/02/2026 04:00
Medicação CER;16,00;09/02/2026 04:30
Medicação CER;15,89;09/02/2026 05:00
Medicação CER;16,00;09/02/2026 05:30
Medicação CER;16,00;09/02/2026 06:00
Medicação CER;15,05;09/02/2026 06:30
Medicação CER;15,95;09/02/2026 07:00
Medicação CER;15,95;09/02/2026 07:30
Medicação CER;15,91;09/02/2026 08:00
Medicação CER;15,05;09/02/2026 08:30
Medicação CER;15,92;09/02/2026 09:00
Medicação CER;16,00;09/02/2026 09:30
Medicação CER;16,00;09/02/2026 10:00
Medicação CER;16,00;09/02/2026 10:30
Medicação CER;16,00;09/02/2026 11:00
Medicação CER;15,92;09/02/2026 11:30
Medicação CER;15,03;09/02/2026 12:00
Medicação CER;15,04;09/02/2026 12:30
Medicação CER;16,00;09/02/2026 13:00
Medicação CER;15,04;09/02/2026 13:30
Medicação CER;15,96;09/02/2026 14:00
Medicação CER;16,00;09/02/2026 14:30
Medicação CER;15,97;09/02/2026 15:00
Medicação CER;16,00;09/02/2026 15:30
Medicação CER;16,00;09/02/2026 16:00
Medicação CER;15,95;09/02/2026 16:30
Medicação CER;15,96;09/02/2026 17:00
Medicação CER;16,00;09/02/2026 17:30
Medicação CER;16,00;09/02/2026 18:00
Medicação CER;16,00;09/02/2026 18:30
Medicação CER;16,00;09/02/2026 19:00
Medicação CER;16,00;09/02/2026 19:30
Medicação CER;16,00;09/02/2026 20:00
Medicação CER;16,00;09/02/2026 20:30
Medicação CER;16,00;09/02/2026 21:00
Medicação CER;15,92;09/02/2026 21:30
Medicação CER;15,94;09/02/2026 22:00
Medicação CER;15,97;09/02/2026 22:30
Medicação CER;15,96;09/02/2026 23:00
Medicação CER;15,03;09/02/2026 23:30
Medicação CER;15,05;10/02/2026 00:00
Medicação CER;16,00;10/02/2026 00:30
Medicação CER;16,00;10/02/2026 01:00
Medicação CER;15,06;10/02/2026 01:30
Medicação CER;16,00;10/02/2026 02:00
Medicação CER;15,05;10/02/2026 02:30
Medicação CER;16,00;10/02/2026 03:00
Medicação CER;16,00;10/02/2026 03:30
Medicação CER;16,00;10/02/2026 04:00
Medicação CER;16,00;10/02/2026 04:30
Medicação CER;15,89;10/02/2026 05:00
Medicação CER;15,11;10/02/2026 05:30
Medicação CER;16,00;10/02/2026 06:00
Medicação CER;15,06;10/02/2026 06:30
Medicação CER;15,96;10/02/2026 07:00
Medicação CER;15,05;10/02/2026 07:30
Medicação CER;15,97;10/02/2026 08:00
Medicação CER;15,93;10/02/2026 08:30
Medicação CER;15,96;10/02/2026 09:00
Medicação CER;15,92;10/02/2026 09:30
Medicação CER;15,96;10/02/2026 10:00
Medicação CER;15,92;10/02/2026 10:30
Medicação CER;15,07;10/02/2026 11:00
Medicação CER;16,00;10/02/2026 11:30
Medicação CER;15,94;10/02/2026 12:00
Medicação CER;15,94;10/02/2026 12:30
Medicação CER;16,00;10/02/2026 13:00
Medicação CER;15,91;10/02/2026 13:30
Medicação CER;16,00;10/02/2026 14:00
Medicação CER;15,96;10/02/2026 14:30
Medicação CER;16,00;10/02/2026 15:00
Medicação CER;16,00;10/02/2026 15:30
Medicação CER;15,97;10/02/2026 16:00
Medicação CER;16,00;10/02/2026 16:30
Medicação CER;15,97;10/02/2026 17:00
Medicação CER;15,06;10/02/2026 17:30
Medicação CER;16,00;10/02/2026 18:00
Medicação CER;15,05;10/02/2026 18:30
Medicação CER;15,91;10/02/2026 19:00
Medicação CER;15,96;10/02/2026 19:30
Medicação CER;16,00;10/02/2026 20:00
Medicação CER;16,00;10/02/2026 20:30
Medicação CER;16,00;10/02/2026 21:00
Medicação CER;15,96;10/02/2026 21:30
Medicação CER;15,95;10/02/2026 22:00
Medicação CER;16,00;10/02/2026 22:30
Medicação CER;16,00;10/02/2026 23:00
Medicação CER;15,11;10/02/2026 23:30
Medicação CER;16,00;11/02/2026 00:00
Medicação CER;15,94;11/02/2026 00:30
Medicação CER;15,93;11/02/2026 01:00
Medicação CER;15,92;11/02/2026 01:30
Medicação CER;16,00;11/02/2026 02:00
Medicação CER;16,00;11/02/2026 02:30
Medicação CER;16,00;11/02/2026 03:00
Medicação CER;15,96;11/02/2026 03:30
Medicação CER;16,00;11/02/2026 04:00
Medicação CER;15,18;11/02/2026 04:30
Medicação CER;15,06;11/02/2026 05:00
Medicação CER;16,00;11/02/2026 05:30
Medicação CER;16,00;11/02/2026 06:00
Medicação CER;16,00;11/02/2026 06:30
Medicação CER;16,00;11/02/2026 07:00
Medicação CER;16,00;11/02/2026 07:30
Medicação CER;16,00;11/02/2026 08:00
Medicação CER;15,91;11/02/2026 08:30
Medicação CER;16,00;11/02/2026 09:00
Medicação CER;16,00;11/02/2026 09:30
Medicação CER;15,06;11/02/2026 10:00
Medicação CER;15,93;11/02/2026 10:30
Medicação CER;15,04;11/02/2026 11:00
Medicação CER;15,95;11/02/2026 11:30
Medicação CER;15,05;11/02/2026 12:00
Medicação CER;16,00;11/02/2026 12:30
Medicação CER;15,10;11/02/2026 13:00
Medicação CER;16,00;11/02/2026 13:30
Medicação CER;15,95;11/02/2026 14:00
Medicação CER;16,00;11/02/2026 14:30
Medicação CER;15,94;11/02/2026 15:00
Medicação CER;16,00;11/02/2026 15:30
Medicação CER;15,04;11/02/2026 16:00
Medicação CER;15,93;11/02/2026 16:30
Medicação CER;15,96;11/02/2026 17:00
Medicação CER;15,96;11/02/2026 17:30
Medicação CER;16,00;11/02/2026 18:00
Medicação CER;16,00;11/02/2026 18:30
Medicação CER;15,06;11/02/2026 19:00
Medicação CER;16,00;11/02/2026 19:30
Medicação CER;16,00;11/02/2026 20:00
Medicação CER;16,00;11/02/2026 20:30
Medicação CER;15,91;11/02/2026 21:00
Medicação CER;16,00;11/02/2026 21:30
Medicação CER;16,00;11/02/2026 22:00
Medicação CER;16,00;11/02/2026 22:30
Medicação CER;15,96;11/02/2026 23:00
Medicação CER;15,91;11/02/2026 23:30
Queimados;-;09/02/2026 00:00
Queimados;-;09/02/2026 00:30
Queimados;-;09/02/2026 01:00
Queimados;-;09/02/2026 01:30
Queimados;-;09/02/2026 02:00
Queimados;-;09/02/2026 02:30
Queimados;16,00;09/02/2026 03:00
Queimados;16,50;09/02/2026 03:30
Queimados;16,50;09/02/2026 04:00
Queimados;16,45;09/02/2026 04:30
Queimados;16,46;09/02/2026 05:00
Queimados;16,59;09/02/2026 05:30
Queimados;16,00;09/02/2026 06:00
Queimados;16,94;09/02/2026 06:30
Queimados;16,00;09/02/2026 07:00
Queimados;16,00;09/02/2026 07:30
Queimados;16,50;09/02/2026 08:00
Queimados;16,64;09/02/2026 08:30
Queimados;16,40;09/02/2026 09:00
Queimados;-;09/02/2026 09:30
Queimados;-;09/02/2026 10:00
Queimados;-;09/02/2026 10:30
Queimados;-;09/02/2026 11:00
Queimados;-;09/02/2026 11:30
Queimados;-;09/02/2026 12:00
Queimados;-;09/02/2026 12:30
Queimados;-;09/02/2026 13:00
Queimados;16,50;09/02/2026 13:30
Queimados;16,50;09/02/2026 14:00
Queimados;16,00;09/02/2026 14:30
Queimados;16,80;09/02/2026 15:00
Queimados;16,07;09/02/2026 15:30
Queimados;16,67;09/02/2026 16:00
Queimados;16,00;09/02/2026 16:30
Queimados;16,33;09/02/2026 17:00
Queimados;16,00;09/02/2026 17:30
Queimados;16,00;09/02/2026 18:00
Queimados;16,00;09/02/2026 18:30
Queimados;16,03;09/02/2026 19:00
Queimados;16,67;09/02/2026 19:30
Queimados;16,06;09/02/2026 20:00
Queimados;16,00;09/02/2026 20:30
Queimados;16,50;09/02/2026 21:00
Queimados;16,41;09/02/2026 21:30
Queimados;16,47;09/02/2026 22:00
Queimados;16,00;09/02/2026 22:30
Queimados;16,00;09/02/2026 23:00
Queimados;16,02;09/02/2026 23:30
Queimados;16,80;10/02/2026 00:00
Queimados;16,00;10/02/2026 00:30
Queimados;-;10/02/2026 01:00
Queimados;-;10/02/2026 01:30
Queimados;-;10/02/2026 02:00
Queimados;-;10/02/2026 02:30
Queimados;16,00;10/02/2026 03:00
Queimados;16,00;10/02/2026 03:30
Queimados;16,00;10/02/2026 04:00
Queimados;16,66;10/02/2026 04:30
Queimados;16,00;10/02/2026 05:00
Queimados;16,76;10/02/2026 05:30
Queimados;16,00;10/02/2026 06:00
Queimados;16,13;10/02/2026 06:30
Queimados;16,00;10/02/2026 07:00
Queimados;-;10/02/2026 07:30
Queimados;-;10/02/2026 08:00
Queimados;-;10/02/2026 08:30
Queimados;-;10/02/2026 09:00
Queimados;-;10/02/2026 09:30
Queimados;-;10/02/2026 10:00
Queimados;-;10/02/2026 10:30
Queimados;-;10/02/2026 11:00
Queimados;-;10/02/2026 11:30
Queimados;-;10/02/2026 12:00
Queimados;-;10/02/2026 12:30
Queimados;-;10/02/2026 13:00
Queimados;-;10/02/2026 13:30
Queimados;-;10/02/2026 14:00
Queimados;-;10/02/2026 14:30
Queimados;-;10/02/2026 15:00
Queimados;-;10/02/2026 15:30
Queimados;-;10/02/2026 16:00
Queimados;-;10/02/2026 16:30
Queimados;16,00;10/02/2026 17:00
Queimados;16,85;10/02/2026 17:30
Queimados;16,83;10/02/2026 18:00
Queimados;16,00;10/02/2026 18:30
Queimados;16,67;10/02/2026 19:00
Queimados;16,00;10/02/2026 19:30
Queimados;16,00;10/02/2026 20:00
Queimados;16,00;10/02/2026 20:30
Queimados;16,00;10/02/2026 21:00
Queimados;16,00;10/02/2026 21:30
Queimados;16,00;10/02/2026 22:00
Queimados;16,63;10/02/2026 22:30
Queimados;16,00;10/02/2026 23:00
Queimados;16,02;10/02/2026 23:30
Queimados;16,84;11/02/2026 00:00
Queimados;16,00;11/02/2026 00:30
Queimados;16,67;11/02/2026 01:00
Queimados;16,62;11/02/2026 01:30
Queimados;16,00;11/02/2026 02:00
Queimados;16,77;11/02/2026 02:30
Queimados;16,00;11/02/2026 03:00
Queimados;16,00;11/02/2026 03:30
Queimados;16,74;11/02/2026 04:00
Queimados;16,56;11/02/2026 04:30
Queimados;16,49;11/02/2026 05:00
Queimados;16,50;11/02/2026 05:30
Queimados;16,00;11/02/2026 06:00
Queimados;16,50;11/02/2026 06:30
Queimados;16,62;11/02/2026 07:00
Queimados;16,57;11/02/2026 07:30
Queimados;16,00;11/02/2026 08:00
Queimados;16,41;11/02/2026 08:30
Queimados;16,38;11/02/2026 09:00
Queimados;16,20;11/02/2026 09:30
Queimados;16,00;11/02/2026 10:00
Queimados;16,00;11/02/2026 10:30
Queimados;16,00;11/02/2026 11:00
Queimados;16,33;11/02/2026 11:30
Queimados;16,50;11/02/2026 12:00
Queimados;16,00;11/02/2026 12:30
Queimados;16,00;11/02/2026 13:00
Queimados;16,87;11/02/2026 13:30
Queimados;16,00;11/02/2026 14:00
Queimados;16,50;11/02/2026 14:30
Queimados;16,26;11/02/2026 15:00
Queimados;16,09;11/02/2026 15:30
Queimados;16,78;11/02/2026 16:00
Queimados;16,00;11/02/2026 16:30
Queimados;16,53;11/02/2026 17:00
Queimados;18,51;11/02/2026 17:30
Queimados;23,00;11/02/2026 18:00
Queimados;22,07;11/02/2026 18:30
Queimados;24,00;11/02/2026 19:00
Queimados;20,80;11/02/2026 19:30
Queimados;19,82;11/02/2026 20:00
Queimados;19,60;11/02/2026 20:30
Queimados;22,85;11/02/2026 21:00
Queimados;22,90;11/02/2026 21:30
Queimados;22,47;11/02/2026 22:00
Queimados;24,00;11/02/2026 22:30
Queimados;24,00;11/02/2026 23:00
Queimados;24,00;11/02/2026 23:30
Raio X 1;20,40;09/02/2026 00:00
Raio X 1;19,02;09/02/2026 00:30
Raio X 1;20,54;09/02/2026 01:00
Raio X 1;20,62;09/02/2026 01:30
Raio X 1;20,07;09/02/2026 02:00
Raio X 1;20,58;09/02/2026 02:30
Raio X 1;21,20;09/02/2026 03:00
Raio X 1;21,29;09/02/2026 03:30
Raio X 1;20,63;09/02/2026 04:00
Raio X 1;20,89;09/02/2026 04:30
Raio X 1;20,35;09/02/2026 05:00
Raio X 1;21,10;09/02/2026 05:30
Raio X 1;22,47;09/02/2026 06:00
Raio X 1;21,01;09/02/2026 06:30
Raio X 1;20,16;09/02/2026 07:00
Raio X 1;21,14;09/02/2026 07:30
Raio X 1;21,26;09/02/2026 08:00
Raio X 1;20,52;09/02/2026 08:30
Raio X 1;20,34;09/02/2026 09:00
Raio X 1;20,35;09/02/2026 09:30
Raio X 1;20,45;09/02/2026 10:00
Raio X 1;20,31;09/02/2026 10:30
Raio X 1;20,25;09/02/2026 11:00
Raio X 1;20,28;09/02/2026 11:30
Raio X 1;19,60;09/02/2026 12:00
Raio X 1;19,38;09/02/2026 12:30
Raio X 1;21,30;09/02/2026 13:00
Raio X 1;21,08;09/02/2026 13:30
Raio X 1;20,03;09/02/2026 14:00
Raio X 1;21,20;09/02/2026 14:30
Raio X 1;20,18;09/02/2026 15:00
Raio X 1;19,78;09/02/2026 15:30
Raio X 1;20,33;09/02/2026 16:00
Raio X 1;20,94;09/02/2026 16:30
Raio X 1;19,95;09/02/2026 17:00
Raio X 1;19,90;09/02/2026 17:30
Raio X 1;19,64;09/02/2026 18:00
Raio X 1;20,03;09/02/2026 18:30
Raio X 1;19,76;09/02/2026 19:00
Raio X 1;20,82;09/02/2026 19:30
Raio X 1;19,95;09/02/2026 20:00
Raio X 1;20,20;09/02/2026 20:30
Raio X 1;18,43;09/02/2026 21:00
Raio X 1;20,52;09/02/2026 21:30
Raio X 1;21,26;09/02/2026 22:00
Raio X 1;19,51;09/02/2026 22:30
Raio X 1;21,19;09/02/2026 23:00
Raio X 1;21,75;09/02/2026 23:30
Raio X 1;20,17;10/02/2026 00:00
Raio X 1;19,84;10/02/2026 00:30
Raio X 1;19,94;10/02/2026 01:00
Raio X 1;20,13;10/02/2026 01:30
Raio X 1;19,28;10/02/2026 02:00
Raio X 1;19,28;10/02/2026 02:30
Raio X 1;19,39;10/02/2026 03:00
Raio X 1;20,19;10/02/2026 03:30
Raio X 1;19,46;10/02/2026 04:00
Raio X 1;19,44;10/02/2026 04:30
Raio X 1;19,61;10/02/2026 05:00
Raio X 1;20,29;10/02/2026 05:30
Raio X 1;19,65;10/02/2026 06:00
Raio X 1;19,36;10/02/2026 06:30
Raio X 1;19,52;10/02/2026 07:00
Raio X 1;17,91;10/02/2026 07:30
Raio X 1;19,90;10/02/2026 08:00
Raio X 1;19,27;10/02/2026 08:30
Raio X 1;19,56;10/02/2026 09:00
Raio X 1;19,36;10/02/2026 09:30
Raio X 1;20,05;10/02/2026 10:00
Raio X 1;19,78;10/02/2026 10:30
Raio X 1;19,38;10/02/2026 11:00
Raio X 1;20,14;10/02/2026 11:30
Raio X 1;20,16;10/02/2026 12:00
Raio X 1;20,24;10/02/2026 12:30
Raio X 1;17,54;10/02/2026 13:00
Raio X 1;19,74;10/02/2026 13:30
Raio X 1;19,71;10/02/2026 14:00
Raio X 1;21,03;10/02/2026 14:30
Raio X 1;19,41;10/02/2026 15:00
Raio X 1;20,30;10/02/2026 15:30
Raio X 1;19,60;10/02/2026 16:00
Raio X 1;19,33;10/02/2026 16:30
Raio X 1;20,46;10/02/2026 17:00
Raio X 1;19,13;10/02/2026 17:30
Raio X 1;21,01;10/02/2026 18:00
Raio X 1;19,31;10/02/2026 18:30
Raio X 1;21,32;10/02/2026 19:00
Raio X 1;19,53;10/02/2026 19:30
Raio X 1;19,60;10/02/2026 20:00
Raio X 1;19,40;10/02/2026 20:30
Raio X 1;19,80;10/02/2026 21:00
Raio X 1;21,21;10/02/2026 21:30
Raio X 1;20,49;10/02/2026 22:00
Raio X 1;20,02;10/02/2026 22:30
Raio X 1;19,96;10/02/2026 23:00
Raio X 1;18,83;10/02/2026 23:30
Raio X 1;20,48;11/02/2026 00:00
Raio X 1;19,71;11/02/2026 00:30
Raio X 1;19,64;11/02/2026 01:00
Raio X 1;20,23;11/02/2026 01:30
Raio X 1;19,95;11/02/2026 02:00
Raio X 1;19,56;11/02/2026 02:30
Raio X 1;20,26;11/02/2026 03:00
Raio X 1;19,55;11/02/2026 03:30
Raio X 1;20,06;11/02/2026 04:00
Raio X 1;20,15;11/02/2026 04:30
Raio X 1;19,91;11/02/2026 05:00
Raio X 1;20,38;11/02/2026 05:30
Raio X 1;20,03;11/02/2026 06:00
Raio X 1;19,46;11/02/2026 06:30
Raio X 1;19,83;11/02/2026 07:00
Raio X 1;19,72;11/02/2026 07:30
Raio X 1;18,78;11/02/2026 08:00
Raio X 1;20,70;11/02/2026 08:30
Raio X 1;19,41;11/02/2026 09:00
Raio X 1;19,09;11/02/2026 09:30
Raio X 1;20,28;11/02/2026 10:00
Raio X 1;19,24;11/02/2026 10:30
Raio X 1;19,81;11/02/2026 11:00
Raio X 1;21,20;11/02/2026 11:30
Raio X 1;20,36;11/02/2026 12:00
Raio X 1;19,14;11/02/2026 12:30
Raio X 1;19,80;11/02/2026 13:00
Raio X 1;20,20;11/02/2026 13:30
Raio X 1;20,35;11/02/2026 14:00
Raio X 1;20,83;11/02/2026 14:30
Raio X 1;20,74;11/02/2026 15:00
Raio X 1;20,54;11/02/2026 15:30
Raio X 1;20,87;11/02/2026 16:00
Raio X 1;20,06;11/02/2026 16:30
Raio X 1;21,77;11/02/2026 17:00
Raio X 1;20,46;11/02/2026 17:30
Raio X 1;19,32;11/02/2026 18:00
Raio X 1;20,83;11/02/2026 18:30
Raio X 1;20,07;11/02/2026 19:00
Raio X 1;19,16;11/02/2026 19:30
Raio X 1;21,36;11/02/2026 20:00
Raio X 1;18,27;11/02/2026 20:30
Raio X 1;20,62;11/02/2026 21:00
Raio X 1;20,26;11/02/2026 21:30
Raio X 1;20,18;11/02/2026 22:00
Raio X 1;19,46;11/02/2026 22:30
Raio X 1;21,00;11/02/2026 23:00
Raio X 1;19,04;11/02/2026 23:30
Raio X 2;26,00;09/02/2026 00:00
Raio X 2;26,00;09/02/2026 00:30
Raio X 2;26,00;09/02/2026 01:00
Raio X 2;26,00;09/02/2026 01:30
Raio X 2;26,00;09/02/2026 02:00
Raio X 2;26,00;09/02/2026 02:30
Raio X 2;26,00;09/02/2026 03:00
Raio X 2;26,00;09/02/2026 03:30
Raio X 2;26,00;09/02/2026 04:00
Raio X 2;26,00;09/02/2026 04:30
Raio X 2;26,00;09/02/2026 05:00
Raio X 2;26,00;09/02/2026 05:30
Raio X 2;26,00;09/02/2026 06:00
Raio X 2;26,00;09/02/2026 06:30
Raio X 2;26,00;09/02/2026 07:00
Raio X 2;26,00;09/02/2026 07:30
Raio X 2;26,00;09/02/2026 08:00
Raio X 2;26,00;09/02/2026 08:30
Raio X 2;26,00;09/02/2026 09:00
Raio X 2;26,00;09/02/2026 09:30
Raio X 2;26,00;09/02/2026 10:00
Raio X 2;26,00;09/02/2026 10:30
Raio X 2;26,00;09/02/2026 11:00
Raio X 2;26,00;09/02/2026 11:30
Raio X 2;26,00;09/02/2026 12:00
Raio X 2;26,00;09/02/2026 12:30
Raio X 2;26,00;09/02/2026 13:00
Raio X 2;26,00;09/02/2026 13:30
Raio X 2;26,00;09/02/2026 14:00
Raio X 2;26,00;09/02/2026 14:30
Raio X 2;26,00;09/02/2026 15:00
Raio X 2;26,00;09/02/2026 15:30
Raio X 2;26,00;09/02/2026 16:00
Raio X 2;26,00;09/02/2026 16:30
Raio X 2;26,00;09/02/2026 17:00
Raio X 2;26,00;09/02/2026 17:30
Raio X 2;26,00;09/02/2026 18:00
Raio X 2;26,00;09/02/2026 18:30
Raio X 2;26,00;09/02/2026 19:00
Raio X 2;26,00;09/02/2026 19:30
Raio X 2;26,00;09/02/2026 20:00
Raio X 2;26,00;09/02/2026 20:30
Raio X 2;26,00;09/02/2026 21:00
Raio X 2;26,00;09/02/2026 21:30
Raio X 2;26,00;09/02/2026 22:00
Raio X 2;26,00;09/02/2026 22:30
Raio X 2;26,00;09/02/2026 23:00
Raio X 2;25,97;09/02/2026 23:30
Raio X 2;25,95;10/02/2026 00:00
Raio X 2;25,89;10/02/2026 00:30
Raio X 2;25,68;10/02/2026 01:00
Raio X 2;25,53;10/02/2026 01:30
Raio X 2;25,47;10/02/2026 02:00
Raio X 2;25,20;10/02/2026 02:30
Raio X 2;25,08;10/02/2026 03:00
Raio X 2;25,04;10/02/2026 03:30
Raio X 2;25,00;10/02/2026 04:00
Raio X 2;25,00;10/02/2026 04:30
Raio X 2;25,00;10/02/2026 05:00
Raio X 2;25,00;10/02/2026 05:30
Raio X 2;25,00;10/02/2026 06:00
Raio X 2;25,00;10/02/2026 06:30
Raio X 2;25,00;10/02/2026 07:00
Raio X 2;25,00;10/02/2026 07:30
Raio X 2;25,00;10/02/2026 08:00
Raio X 2;25,00;10/02/2026 08:30
Raio X 2;25,00;10/02/2026 09:00
Raio X 2;25,00;10/02/2026 09:30
Raio X 2;25,00;10/02/2026 10:00
Raio X 2;25,00;10/02/2026 10:30
Raio X 2;25,00;10/02/2026 11:00
Raio X 2;25,00;10/02/2026 11:30
Raio X 2;25,00;10/02/2026 12:00
Raio X 2;25,00;10/02/2026 12:30
Raio X 2;25,00;10/02/2026 13:00
Raio X 2;25,00;10/02/2026 13:30
Raio X 2;25,00;10/02/2026 14:00
Raio X 2;25,00;10/02/2026 14:30
Raio X 2;25,00;10/02/2026 15:00
Raio X 2;25,00;10/02/2026 15:30
Raio X 2;25,00;10/02/2026 16:00
Raio X 2;25,00;10/02/2026 16:30
Raio X 2;25,00;10/02/2026 17:00
Raio X 2;25,00;10/02/2026 17:30
Raio X 2;25,00;10/02/2026 18:00
Raio X 2;25,00;10/02/2026 18:30
Raio X 2;25,00;10/02/2026 19:00
Raio X 2;25,00;10/02/2026 19:30
Raio X 2;25,00;10/02/2026 20:00
Raio X 2;25,00;10/02/2026 20:30
Raio X 2;25,00;10/02/2026 21:00
Raio X 2;25,00;10/02/2026 21:30
Raio X 2;25,00;10/02/2026 22:00
Raio X 2;25,00;10/02/2026 22:30
Raio X 2;25,00;10/02/2026 23:00
Raio X 2;25,00;10/02/2026 23:30
Raio X 2;25,00;11/02/2026 00:00
Raio X 2;25,00;11/02/2026 00:30
Raio X 2;25,00;11/02/2026 01:00
Raio X 2;25,00;11/02/2026 01:30
Raio X 2;25,00;11/02/2026 02:00
Raio X 2;25,00;11/02/2026 02:30
Raio X 2;25,00;11/02/2026 03:00
Raio X 2;25,00;11/02/2026 03:30
Raio X 2;25,00;11/02/2026 04:00
Raio X 2;25,00;11/02/2026 04:30
Raio X 2;25,00;11/02/2026 05:00
Raio X 2;25,00;11/02/2026 05:30
Raio X 2;25,00;11/02/2026 06:00
Raio X 2;25,00;11/02/2026 06:30
Raio X 2;25,00;11/02/2026 07:00
Raio X 2;25,00;11/02/2026 07:30
Raio X 2;25,00;11/02/2026 08:00
Raio X 2;25,00;11/02/2026 08:30
Raio X 2;25,00;11/02/2026 09:00
Raio X 2;25,00;11/02/2026 09:30
Raio X 2;25,00;11/02/2026 10:00
Raio X 2;25,00;11/02/2026 10:30
Raio X 2;25,00;11/02/2026 11:00
Raio X 2;25,00;11/02/2026 11:30
Raio X 2;25,00;11/02/2026 12:00
Raio X 2;25,00;11/02/2026 12:30
Raio X 2;25,00;11/02/2026 13:00
Raio X 2;25,00;11/02/2026 13:30
Raio X 2;25,00;11/02/2026 14:00
Raio X 2;25,00;11/02/2026 14:30
Raio X 2;25,00;11/02/2026 15:00
Raio X 2;25,00;11/02/2026 15:30
Raio X 2;25,00;11/02/2026 16:00
Raio X 2;25,00;11/02/2026 16:30
Raio X 2;25,00;11/02/2026 17:00
Raio X 2;25,00;11/02/2026 17:30
Raio X 2;25,00;11/02/2026 18:00
Raio X 2;25,00;11/02/2026 18:30
Raio X 2;25,00;11/02/2026 19:00
Raio X 2;25,00;11/02/2026 19:30
Raio X 2;25,00;11/02/2026 20:00
Raio X 2;25,00;11/02/2026 20:30
Raio X 2;25,00;11/02/2026 21:00
Raio X 2;25,00;11/02/2026 21:30
Raio X 2;25,00;11/02/2026 22:00
Raio X 2;25,00;11/02/2026 22:30
Raio X 2;25,00;11/02/2026 23:00
Raio X 2;25,00;11/02/2026 23:30
Raio X 3;16,15;09/02/2026 00:00
Raio X 3;16,74;09/02/2026 00:30
Raio X 3;16,92;09/02/2026 01:00
Raio X 3;16,67;09/02/2026 01:30
Raio X 3;16,07;09/02/2026 02:00
Raio X 3;16,22;09/02/2026 02:30
Raio X 3;16,79;09/02/2026 03:00
Raio X 3;16,85;09/02/2026 03:30
Raio X 3;16,97;09/02/2026 04:00
Raio X 3;16,48;09/02/2026 04:30
Raio X 3;16,31;09/02/2026 05:00
Raio X 3;16,93;09/02/2026 05:30
Raio X 3;16,90;09/02/2026 06:00
Raio X 3;16,22;09/02/2026 06:30
Raio X 3;16,25;09/02/2026 07:00
Raio X 3;16,37;09/02/2026 07:30
Raio X 3;16,81;09/02/2026 08:00
Raio X 3;16,67;09/02/2026 08:30
Raio X 3;16,82;09/02/2026 09:00
Raio X 3;16,49;09/02/2026 09:30
Raio X 3;16,80;09/02/2026 10:00
Raio X 3;16,86;09/02/2026 10:30
Raio X 3;16,61;09/02/2026 11:00
Raio X 3;17,67;09/02/2026 11:30
Raio X 3;16,14;09/02/2026 12:00
Raio X 3;18,83;09/02/2026 12:30
Raio X 3;17,47;09/02/2026 13:00
Raio X 3;16,87;09/02/2026 13:30
Raio X 3;17,18;09/02/2026 14:00
Raio X 3;17,19;09/02/2026 14:30
Raio X 3;17,57;09/02/2026 15:00
Raio X 3;17,29;09/02/2026 15:30
Raio X 3;16,57;09/02/2026 16:00
Raio X 3;16,79;09/02/2026 16:30
Raio X 3;17,26;09/02/2026 17:00
Raio X 3;17,56;09/02/2026 17:30
Raio X 3;17,04;09/02/2026 18:00
Raio X 3;16,38;09/02/2026 18:30
Raio X 3;17,28;09/02/2026 19:00
Raio X 3;16,99;09/02/2026 19:30
Raio X 3;17,29;09/02/2026 20:00
Raio X 3;16,99;09/02/2026 20:30
Raio X 3;16,81;09/02/2026 21:00
Raio X 3;16,86;09/02/2026 21:30
Raio X 3;16,63;09/02/2026 22:00
Raio X 3;17,80;09/02/2026 22:30
Raio X 3;17,25;09/02/2026 23:00
Raio X 3;17,15;09/02/2026 23:30
Raio X 3;17,66;10/02/2026 00:00
Raio X 3;16,90;10/02/2026 00:30
Raio X 3;17,00;10/02/2026 01:00
Raio X 3;18,16;10/02/2026 01:30
Raio X 3;16,75;10/02/2026 02:00
Raio X 3;16,95;10/02/2026 02:30
Raio X 3;17,73;10/02/2026 03:00
Raio X 3;17,24;10/02/2026 03:30
Raio X 3;17,34;10/02/2026 04:00
Raio X 3;17,09;10/02/2026 04:30
Raio X 3;16,96;10/02/2026 05:00
Raio X 3;18,01;10/02/2026 05:30
Raio X 3;17,54;10/02/2026 06:00
Raio X 3;17,74;10/02/2026 06:30
Raio X 3;17,07;10/02/2026 07:00
Raio X 3;16,88;10/02/2026 07:30
Raio X 3;17,26;10/02/2026 08:00
Raio X 3;16,29;10/02/2026 08:30
Raio X 3;17,39;10/02/2026 09:00
Raio X 3;17,26;10/02/2026 09:30
Raio X 3;16,98;10/02/2026 10:00
Raio X 3;16,99;10/02/2026 10:30
Raio X 3;16,77;10/02/2026 11:00
Raio X 3;16,40;10/02/2026 11:30
Raio X 3;17,28;10/02/2026 12:00
Raio X 3;16,84;10/02/2026 12:30
Raio X 3;17,29;10/02/2026 13:00
Raio X 3;17,24;10/02/2026 13:30
Raio X 3;16,94;10/02/2026 14:00
Raio X 3;16,82;10/02/2026 14:30
Raio X 3;16,79;10/02/2026 15:00
Raio X 3;16,82;10/02/2026 15:30
Raio X 3;16,62;10/02/2026 16:00
Raio X 3;16,94;10/02/2026 16:30
Raio X 3;16,08;10/02/2026 17:00
Raio X 3;16,44;10/02/2026 17:30
Raio X 3;16,71;10/02/2026 18:00
Raio X 3;16,28;10/02/2026 18:30
Raio X 3;17,18;10/02/2026 19:00
Raio X 3;16,87;10/02/2026 19:30
Raio X 3;16,71;10/02/2026 20:00
Raio X 3;16,22;10/02/2026 20:30
Raio X 3;16,60;10/02/2026 21:00
Raio X 3;16,72;10/02/2026 21:30
Raio X 3;16,83;10/02/2026 22:00
Raio X 3;17,42;10/02/2026 22:30
Raio X 3;16,49;10/02/2026 23:00
Raio X 3;17,37;10/02/2026 23:30
Raio X 3;16,49;11/02/2026 00:00
Raio X 3;16,52;11/02/2026 00:30
Raio X 3;17,38;11/02/2026 01:00
Raio X 3;16,86;11/02/2026 01:30
Raio X 3;16,84;11/02/2026 02:00
Raio X 3;17,09;11/02/2026 02:30
Raio X 3;16,76;11/02/2026 03:00
Raio X 3;16,70;11/02/2026 03:30
Raio X 3;16,73;11/02/2026 04:00
Raio X 3;16,99;11/02/2026 04:30
Raio X 3;17,45;11/02/2026 05:00
Raio X 3;18,48;11/02/2026 05:30
Raio X 3;17,43;11/02/2026 06:00
Raio X 3;17,21;11/02/2026 06:30
Raio X 3;16,03;11/02/2026 07:00
Raio X 3;17,73;11/02/2026 07:30
Raio X 3;17,31;11/02/2026 08:00
Raio X 3;17,09;11/02/2026 08:30
Raio X 3;18,48;11/02/2026 09:00
Raio X 3;17,52;11/02/2026 09:30
Raio X 3;17,36;11/02/2026 10:00
Raio X 3;17,49;11/02/2026 10:30
Raio X 3;17,09;11/02/2026 11:00
Raio X 3;17,20;11/02/2026 11:30
Raio X 3;18,78;11/02/2026 12:00
Raio X 3;17,07;11/02/2026 12:30
Raio X 3;17,79;11/02/2026 13:00
Raio X 3;16,63;11/02/2026 13:30
Raio X 3;17,62;11/02/2026 14:00
Raio X 3;18,43;11/02/2026 14:30
Raio X 3;18,95;11/02/2026 15:00
Raio X 3;16,99;11/02/2026 15:30
Raio X 3;17,36;11/02/2026 16:00
Raio X 3;18,73;11/02/2026 16:30
Raio X 3;17,80;11/02/2026 17:00
Raio X 3;18,45;11/02/2026 17:30
Raio X 3;18,32;11/02/2026 18:00
Raio X 3;17,08;11/02/2026 18:30
Raio X 3;18,39;11/02/2026 19:00
Raio X 3;18,37;11/02/2026 19:30
Raio X 3;17,87;11/02/2026 20:00
Raio X 3;17,93;11/02/2026 20:30
Raio X 3;17,65;11/02/2026 21:00
Raio X 3;17,33;11/02/2026 21:30
Raio X 3;17,68;11/02/2026 22:00
Raio X 3;17,72;11/02/2026 22:30
Raio X 3;17,76;11/02/2026 23:00
Raio X 3;17,84;11/02/2026 23:30
Raio X 4;16,80;09/02/2026 00:00
Raio X 4;17,95;09/02/2026 00:30
Raio X 4;17,81;09/02/2026 01:00
Raio X 4;18,15;09/02/2026 01:30
Raio X 4;18,67;09/02/2026 02:00
Raio X 4;19,13;09/02/2026 02:30
Raio X 4;19,32;09/02/2026 03:00
Raio X 4;19,35;09/02/2026 03:30
Raio X 4;18,59;09/02/2026 04:00
Raio X 4;19,39;09/02/2026 04:30
Raio X 4;18,06;09/02/2026 05:00
Raio X 4;17,96;09/02/2026 05:30
Raio X 4;17,49;09/02/2026 06:00
Raio X 4;18,67;09/02/2026 06:30
Raio X 4;17,71;09/02/2026 07:00
Raio X 4;17,30;09/02/2026 07:30
Raio X 4;16,20;09/02/2026 08:00
Raio X 4;16,61;09/02/2026 08:30
Raio X 4;16,86;09/02/2026 09:00
Raio X 4;17,31;09/02/2026 09:30
Raio X 4;16,92;09/02/2026 10:00
Raio X 4;17,46;09/02/2026 10:30
Raio X 4;16,79;09/02/2026 11:00
Raio X 4;16,72;09/02/2026 11:30
Raio X 4;16,58;09/02/2026 12:00
Raio X 4;17,51;09/02/2026 12:30
Raio X 4;16,50;09/02/2026 13:00
Raio X 4;17,42;09/02/2026 13:30
Raio X 4;16,78;09/02/2026 14:00
Raio X 4;17,75;09/02/2026 14:30
Raio X 4;16,50;09/02/2026 15:00
Raio X 4;17,86;09/02/2026 15:30
Raio X 4;16,41;09/02/2026 16:00
Raio X 4;17,14;09/02/2026 16:30
Raio X 4;17,75;09/02/2026 17:00
Raio X 4;16,32;09/02/2026 17:30
Raio X 4;18,46;09/02/2026 18:00
Raio X 4;17,04;09/02/2026 18:30
Raio X 4;16,51;09/02/2026 19:00
Raio X 4;16,96;09/02/2026 19:30
Raio X 4;17,14;09/02/2026 20:00
Raio X 4;17,36;09/02/2026 20:30
Raio X 4;17,46;09/02/2026 21:00
Raio X 4;17,93;09/02/2026 21:30
Raio X 4;17,02;09/02/2026 22:00
Raio X 4;16,16;09/02/2026 22:30
Raio X 4;16,98;09/02/2026 23:00
Raio X 4;17,83;09/02/2026 23:30
Raio X 4;17,50;10/02/2026 00:00
Raio X 4;17,67;10/02/2026 00:30
Raio X 4;16,04;10/02/2026 01:00
Raio X 4;16,77;10/02/2026 01:30
Raio X 4;16,99;10/02/2026 02:00
Raio X 4;16,01;10/02/2026 02:30
Raio X 4;16,58;10/02/2026 03:00
Raio X 4;16,52;10/02/2026 03:30
Raio X 4;16,03;10/02/2026 04:00
Raio X 4;16,62;10/02/2026 04:30
Raio X 4;16,55;10/02/2026 05:00
Raio X 4;16,81;10/02/2026 05:30
Raio X 4;16,62;10/02/2026 06:00
Raio X 4;16,70;10/02/2026 06:30
Raio X 4;16,22;10/02/2026 07:00
Raio X 4;16,23;10/02/2026 07:30
Raio X 4;16,72;10/02/2026 08:00
Raio X 4;17,85;10/02/2026 08:30
Raio X 4;16,94;10/02/2026 09:00
Raio X 4;17,26;10/02/2026 09:30
Raio X 4;16,97;10/02/2026 10:00
Raio X 4;17,00;10/02/2026 10:30
Raio X 4;17,45;10/02/2026 11:00
Raio X 4;16,83;10/02/2026 11:30
Raio X 4;17,99;10/02/2026 12:00
Raio X 4;17,62;10/02/2026 12:30
Raio X 4;17,09;10/02/2026 13:00
Raio X 4;17,08;10/02/2026 13:30
Raio X 4;17,83;10/02/2026 14:00
Raio X 4;17,78;10/02/2026 14:30
Raio X 4;16,58;10/02/2026 15:00
Raio X 4;17,29;10/02/2026 15:30
Raio X 4;16,95;10/02/2026 16:00
Raio X 4;18,21;10/02/2026 16:30
Raio X 4;16,47;10/02/2026 17:00
Raio X 4;17,34;10/02/2026 17:30
Raio X 4;16,43;10/02/2026 18:00
Raio X 4;16,86;10/02/2026 18:30
Raio X 4;16,95;10/02/2026 19:00
Raio X 4;16,52;10/02/2026 19:30
Raio X 4;16,40;10/02/2026 20:00
Raio X 4;17,66;10/02/2026 20:30
Raio X 4;17,50;10/02/2026 21:00
Raio X 4;18,49;10/02/2026 21:30
Raio X 4;17,51;10/02/2026 22:00
Raio X 4;18,04;10/02/2026 22:30
Raio X 4;17,82;10/02/2026 23:00
Raio X 4;16,77;10/02/2026 23:30
Raio X 4;17,28;11/02/2026 00:00
Raio X 4;17,07;11/02/2026 00:30
Raio X 4;16,43;11/02/2026 01:00
Raio X 4;16,88;11/02/2026 01:30
Raio X 4;16,82;11/02/2026 02:00
Raio X 4;17,76;11/02/2026 02:30
Raio X 4;16,85;11/02/2026 03:00
Raio X 4;16,86;11/02/2026 03:30
Raio X 4;17,31;11/02/2026 04:00
Raio X 4;17,90;11/02/2026 04:30
Raio X 4;17,70;11/02/2026 05:00
Raio X 4;16,75;11/02/2026 05:30
Raio X 4;16,68;11/02/2026 06:00
Raio X 4;16,98;11/02/2026 06:30
Raio X 4;17,20;11/02/2026 07:00
Raio X 4;16,42;11/02/2026 07:30
Raio X 4;16,99;11/02/2026 08:00
Raio X 4;16,98;11/02/2026 08:30
Raio X 4;16,52;11/02/2026 09:00
Raio X 4;16,66;11/02/2026 09:30
Raio X 4;16,61;11/02/2026 10:00
Raio X 4;16,75;11/02/2026 10:30
Raio X 4;16,75;11/02/2026 11:00
Raio X 4;17,08;11/02/2026 11:30
Raio X 4;17,86;11/02/2026 12:00
Raio X 4;16,19;11/02/2026 12:30
Raio X 4;17,14;11/02/2026 13:00
Raio X 4;16,86;11/02/2026 13:30
Raio X 4;18,02;11/02/2026 14:00
Raio X 4;16,94;11/02/2026 14:30
Raio X 4;16,57;11/02/2026 15:00
Raio X 4;16,39;11/02/2026 15:30
Raio X 4;17,42;11/02/2026 16:00
Raio X 4;17,15;11/02/2026 16:30
Raio X 4;17,52;11/02/2026 17:00
Raio X 4;17,67;11/02/2026 17:30
Raio X 4;17,91;11/02/2026 18:00
Raio X 4;17,93;11/02/2026 18:30
Raio X 4;17,18;11/02/2026 19:00
Raio X 4;18,44;11/02/2026 19:30
Raio X 4;18,59;11/02/2026 20:00
Raio X 4;17,35;11/02/2026 20:30
Raio X 4;17,30;11/02/2026 21:00
Raio X 4;16,59;11/02/2026 21:30
Raio X 4;16,80;11/02/2026 22:00
Raio X 4;16,34;11/02/2026 22:30
Raio X 4;17,17;11/02/2026 23:00
Raio X 4;16,36;11/02/2026 23:30
RPA;15,89;09/02/2026 00:00
RPA;15,81;09/02/2026 00:30
RPA;15,88;09/02/2026 01:00
RPA;15,73;09/02/2026 01:30
RPA;15,75;09/02/2026 02:00
RPA;15,90;09/02/2026 02:30
RPA;15,78;09/02/2026 03:00
RPA;15,86;09/02/2026 03:30
RPA;15,88;09/02/2026 04:00
RPA;15,85;09/02/2026 04:30
RPA;15,77;09/02/2026 05:00
RPA;15,96;09/02/2026 05:30
RPA;15,90;09/02/2026 06:00
RPA;15,85;09/02/2026 06:30
RPA;15,86;09/02/2026 07:00
RPA;15,94;09/02/2026 07:30
RPA;15,82;09/02/2026 08:00
RPA;15,89;09/02/2026 08:30
RPA;15,65;09/02/2026 09:00
RPA;15,90;09/02/2026 09:30
RPA;15,65;09/02/2026 10:00
RPA;15,76;09/02/2026 10:30
RPA;15,86;09/02/2026 11:00
RPA;15,81;09/02/2026 11:30
RPA;15,86;09/02/2026 12:00
RPA;15,71;09/02/2026 12:30
RPA;15,81;09/02/2026 13:00
RPA;15,75;09/02/2026 13:30
RPA;15,91;09/02/2026 14:00
RPA;15,94;09/02/2026 14:30
RPA;15,70;09/02/2026 15:00
RPA;15,75;09/02/2026 15:30
RPA;15,85;09/02/2026 16:00
RPA;15,72;09/02/2026 16:30
RPA;15,75;09/02/2026 17:00
RPA;15,82;09/02/2026 17:30
RPA;15,80;09/02/2026 18:00
RPA;15,83;09/02/2026 18:30
RPA;16,27;09/02/2026 19:00
RPA;15,76;09/02/2026 19:30
RPA;15,80;09/02/2026 20:00
RPA;15,89;09/02/2026 20:30
RPA;15,86;09/02/2026 21:00
RPA;15,68;09/02/2026 21:30
RPA;15,80;09/02/2026 22:00
RPA;15,70;09/02/2026 22:30
RPA;15,71;09/02/2026 23:00
RPA;15,85;09/02/2026 23:30
RPA;15,77;10/02/2026 00:00
RPA;15,91;10/02/2026 00:30
RPA;15,82;10/02/2026 01:00
RPA;15,79;10/02/2026 01:30
RPA;15,81;10/02/2026 02:00
RPA;15,74;10/02/2026 02:30
RPA;15,70;10/02/2026 03:00
RPA;15,78;10/02/2026 03:30
RPA;15,78;10/02/2026 04:00
RPA;15,83;10/02/2026 04:30
RPA;15,72;10/02/2026 05:00
RPA;15,88;10/02/2026 05:30
RPA;15,70;10/02/2026 06:00
RPA;15,86;10/02/2026 06:30
RPA;15,83;10/02/2026 07:00
RPA;15,74;10/02/2026 07:30
RPA;15,91;10/02/2026 08:00
RPA;15,76;10/02/2026 08:30
RPA;15,82;10/02/2026 09:00
RPA;15,75;10/02/2026 09:30
RPA;15,91;10/02/2026 10:00
RPA;15,64;10/02/2026 10:30
RPA;15,67;10/02/2026 11:00
RPA;15,84;10/02/2026 11:30
RPA;15,81;10/02/2026 12:00
RPA;15,79;10/02/2026 12:30
RPA;15,90;10/02/2026 13:00
RPA;15,83;10/02/2026 13:30
RPA;15,69;10/02/2026 14:00
RPA;15,74;10/02/2026 14:30
RPA;15,80;10/02/2026 15:00
RPA;15,83;10/02/2026 15:30
RPA;15,91;10/02/2026 16:00
RPA;15,83;10/02/2026 16:30
RPA;15,89;10/02/2026 17:00
RPA;16,57;10/02/2026 17:30
RPA;15,52;10/02/2026 18:00
RPA;15,81;10/02/2026 18:30
RPA;15,88;10/02/2026 19:00
RPA;15,75;10/02/2026 19:30
RPA;15,90;10/02/2026 20:00
RPA;15,89;10/02/2026 20:30
RPA;15,88;10/02/2026 21:00
RPA;15,87;10/02/2026 21:30
RPA;15,93;10/02/2026 22:00
RPA;15,89;10/02/2026 22:30
RPA;15,70;10/02/2026 23:00
RPA;15,85;10/02/2026 23:30
RPA;15,87;11/02/2026 00:00
RPA;15,65;11/02/2026 00:30
RPA;15,71;11/02/2026 01:00
RPA;15,94;11/02/2026 01:30
RPA;15,69;11/02/2026 02:00
RPA;15,89;11/02/2026 02:30
RPA;15,85;11/02/2026 03:00
RPA;15,86;11/02/2026 03:30
RPA;15,67;11/02/2026 04:00
RPA;15,80;11/02/2026 04:30
RPA;15,88;11/02/2026 05:00
RPA;15,89;11/02/2026 05:30
RPA;15,85;11/02/2026 06:00
RPA;15,84;11/02/2026 06:30
RPA;15,74;11/02/2026 07:00
RPA;15,86;11/02/2026 07:30
RPA;15,84;11/02/2026 08:00
RPA;15,76;11/02/2026 08:30
RPA;15,71;11/02/2026 09:00
RPA;15,83;11/02/2026 09:30
RPA;15,75;11/02/2026 10:00
RPA;15,85;11/02/2026 10:30
RPA;15,80;11/02/2026 11:00
RPA;15,74;11/02/2026 11:30
RPA;15,89;11/02/2026 12:00
RPA;16,76;11/02/2026 12:30
RPA;15,81;11/02/2026 13:00
RPA;15,79;11/02/2026 13:30
RPA;15,73;11/02/2026 14:00
RPA;15,74;11/02/2026 14:30
RPA;15,85;11/02/2026 15:00
RPA;15,82;11/02/2026 15:30
RPA;15,92;11/02/2026 16:00
RPA;15,74;11/02/2026 16:30
RPA;15,65;11/02/2026 17:00
RPA;15,72;11/02/2026 17:30
RPA;15,82;11/02/2026 18:00
RPA;15,88;11/02/2026 18:30
RPA;15,96;11/02/2026 19:00
RPA;15,83;11/02/2026 19:30
RPA;15,65;11/02/2026 20:00
RPA;15,92;11/02/2026 20:30
RPA;15,91;11/02/2026 21:00
RPA;16,94;11/02/2026 21:30
RPA;15,88;11/02/2026 22:00
RPA;15,89;11/02/2026 22:30
RPA;15,80;11/02/2026 23:00
RPA;15,81;11/02/2026 23:30
Sala Vermelha Infantil;16,00;09/02/2026 00:00
Sala Vermelha Infantil;16,00;09/02/2026 00:30
Sala Vermelha Infantil;16,00;09/02/2026 01:00
Sala Vermelha Infantil;16,00;09/02/2026 01:30
Sala Vermelha Infantil;16,00;09/02/2026 02:00
Sala Vermelha Infantil;16,00;09/02/2026 02:30
Sala Vermelha Infantil;16,00;09/02/2026 03:00
Sala Vermelha Infantil;16,00;09/02/2026 03:30
Sala Vermelha Infantil;16,00;09/02/2026 04:00
Sala Vermelha Infantil;16,00;09/02/2026 04:30
Sala Vermelha Infantil;16,00;09/02/2026 05:00
Sala Vermelha Infantil;16,00;09/02/2026 05:30
Sala Vermelha Infantil;15,90;09/02/2026 06:00
Sala Vermelha Infantil;16,00;09/02/2026 06:30
Sala Vermelha Infantil;16,00;09/02/2026 07:00
Sala Vermelha Infantil;16,00;09/02/2026 07:30
Sala Vermelha Infantil;16,00;09/02/2026 08:00
Sala Vermelha Infantil;15,91;09/02/2026 08:30
Sala Vermelha Infantil;16,00;09/02/2026 09:00
Sala Vermelha Infantil;16,00;09/02/2026 09:30
Sala Vermelha Infantil;16,00;09/02/2026 10:00
Sala Vermelha Infantil;16,00;09/02/2026 10:30
Sala Vermelha Infantil;16,00;09/02/2026 11:00
Sala Vermelha Infantil;16,00;09/02/2026 11:30
Sala Vermelha Infantil;16,00;09/02/2026 12:00
Sala Vermelha Infantil;16,00;09/02/2026 12:30
Sala Vermelha Infantil;16,00;09/02/2026 13:00
Sala Vermelha Infantil;16,00;09/02/2026 13:30
Sala Vermelha Infantil;16,00;09/02/2026 14:00
Sala Vermelha Infantil;16,00;09/02/2026 14:30
Sala Vermelha Infantil;16,00;09/02/2026 15:00
Sala Vermelha Infantil;16,00;09/02/2026 15:30
Sala Vermelha Infantil;16,00;09/02/2026 16:00
Sala Vermelha Infantil;16,00;09/02/2026 16:30
Sala Vermelha Infantil;16,00;09/02/2026 17:00
Sala Vermelha Infantil;16,00;09/02/2026 17:30
Sala Vermelha Infantil;16,00;09/02/2026 18:00
Sala Vermelha Infantil;16,00;09/02/2026 18:30
Sala Vermelha Infantil;16,00;09/02/2026 19:00
Sala Vermelha Infantil;16,00;09/02/2026 19:30
Sala Vermelha Infantil;16,00;09/02/2026 20:00
Sala Vermelha Infantil;16,00;09/02/2026 20:30
Sala Vermelha Infantil;16,00;09/02/2026 21:00
Sala Vermelha Infantil;15,17;09/02/2026 21:30
Sala Vermelha Infantil;16,00;09/02/2026 22:00
Sala Vermelha Infantil;16,00;09/02/2026 22:30
Sala Vermelha Infantil;16,00;09/02/2026 23:00
Sala Vermelha Infantil;16,00;09/02/2026 23:30
Sala Vermelha Infantil;16,00;10/02/2026 00:00
Sala Vermelha Infantil;16,00;10/02/2026 00:30
Sala Vermelha Infantil;16,00;10/02/2026 01:00
Sala Vermelha Infantil;16,00;10/02/2026 01:30
Sala Vermelha Infantil;16,00;10/02/2026 02:00
Sala Vermelha Infantil;16,00;10/02/2026 02:30
Sala Vermelha Infantil;16,00;10/02/2026 03:00
Sala Vermelha Infantil;16,00;10/02/2026 03:30
Sala Vermelha Infantil;16,00;10/02/2026 04:00
Sala Vermelha Infantil;16,00;10/02/2026 04:30
Sala Vermelha Infantil;16,00;10/02/2026 05:00
Sala Vermelha Infantil;16,00;10/02/2026 05:30
Sala Vermelha Infantil;15,94;10/02/2026 06:00
Sala Vermelha Infantil;16,00;10/02/2026 06:30
Sala Vermelha Infantil;16,00;10/02/2026 07:00
Sala Vermelha Infantil;16,00;10/02/2026 07:30
Sala Vermelha Infantil;15,93;10/02/2026 08:00
Sala Vermelha Infantil;16,00;10/02/2026 08:30
Sala Vermelha Infantil;16,00;10/02/2026 09:00
Sala Vermelha Infantil;16,00;10/02/2026 09:30
Sala Vermelha Infantil;16,00;10/02/2026 10:00
Sala Vermelha Infantil;15,80;10/02/2026 10:30
Sala Vermelha Infantil;16,00;10/02/2026 11:00
Sala Vermelha Infantil;16,00;10/02/2026 11:30
Sala Vermelha Infantil;16,00;10/02/2026 12:00
Sala Vermelha Infantil;16,00;10/02/2026 12:30
Sala Vermelha Infantil;16,00;10/02/2026 13:00
Sala Vermelha Infantil;16,00;10/02/2026 13:30
Sala Vermelha Infantil;15,20;10/02/2026 14:00
Sala Vermelha Infantil;16,00;10/02/2026 14:30
Sala Vermelha Infantil;16,00;10/02/2026 15:00
Sala Vermelha Infantil;16,00;10/02/2026 15:30
Sala Vermelha Infantil;16,00;10/02/2026 16:00
Sala Vermelha Infantil;16,00;10/02/2026 16:30
Sala Vermelha Infantil;15,93;10/02/2026 17:00
Sala Vermelha Infantil;16,00;10/02/2026 17:30
Sala Vermelha Infantil;15,07;10/02/2026 18:00
Sala Vermelha Infantil;16,00;10/02/2026 18:30
Sala Vermelha Infantil;16,00;10/02/2026 19:00
Sala Vermelha Infantil;16,00;10/02/2026 19:30
Sala Vermelha Infantil;15,90;10/02/2026 20:00
Sala Vermelha Infantil;16,00;10/02/2026 20:30
Sala Vermelha Infantil;16,00;10/02/2026 21:00
Sala Vermelha Infantil;16,00;10/02/2026 21:30
Sala Vermelha Infantil;16,00;10/02/2026 22:00
Sala Vermelha Infantil;16,00;10/02/2026 22:30
Sala Vermelha Infantil;15,91;10/02/2026 23:00
Sala Vermelha Infantil;16,00;10/02/2026 23:30
Sala Vermelha Infantil;15,92;11/02/2026 00:00
Sala Vermelha Infantil;16,00;11/02/2026 00:30
Sala Vermelha Infantil;15,78;11/02/2026 01:00
Sala Vermelha Infantil;16,00;11/02/2026 01:30
Sala Vermelha Infantil;16,00;11/02/2026 02:00
Sala Vermelha Infantil;16,00;11/02/2026 02:30
Sala Vermelha Infantil;16,00;11/02/2026 03:00
Sala Vermelha Infantil;15,14;11/02/2026 03:30
Sala Vermelha Infantil;16,00;11/02/2026 04:00
Sala Vermelha Infantil;16,00;11/02/2026 04:30
Sala Vermelha Infantil;16,00;11/02/2026 05:00
Sala Vermelha Infantil;16,00;11/02/2026 05:30
Sala Vermelha Infantil;16,00;11/02/2026 06:00
Sala Vermelha Infantil;15,05;11/02/2026 06:30
Sala Vermelha Infantil;16,00;11/02/2026 07:00
Sala Vermelha Infantil;16,00;11/02/2026 07:30
Sala Vermelha Infantil;16,00;11/02/2026 08:00
Sala Vermelha Infantil;16,00;11/02/2026 08:30
Sala Vermelha Infantil;16,00;11/02/2026 09:00
Sala Vermelha Infantil;16,00;11/02/2026 09:30
Sala Vermelha Infantil;16,00;11/02/2026 10:00
Sala Vermelha Infantil;16,00;11/02/2026 10:30
Sala Vermelha Infantil;16,00;11/02/2026 11:00
Sala Vermelha Infantil;16,00;11/02/2026 11:30
Sala Vermelha Infantil;16,00;11/02/2026 12:00
Sala Vermelha Infantil;16,00;11/02/2026 12:30
Sala Vermelha Infantil;16,00;11/02/2026 13:00
Sala Vermelha Infantil;16,00;11/02/2026 13:30
Sala Vermelha Infantil;16,00;11/02/2026 14:00
Sala Vermelha Infantil;16,00;11/02/2026 14:30
Sala Vermelha Infantil;16,00;11/02/2026 15:00
Sala Vermelha Infantil;16,00;11/02/2026 15:30
Sala Vermelha Infantil;16,00;11/02/2026 16:00
Sala Vermelha Infantil;16,00;11/02/2026 16:30
Sala Vermelha Infantil;16,00;11/02/2026 17:00
Sala Vermelha Infantil;16,00;11/02/2026 17:30
Sala Vermelha Infantil;16,00;11/02/2026 18:00
Sala Vermelha Infantil;15,86;11/02/2026 18:30
Sala Vermelha Infantil;16,00;11/02/2026 19:00
Sala Vermelha Infantil;16,00;11/02/2026 19:30
Sala Vermelha Infantil;16,00;11/02/2026 20:00
Sala Vermelha Infantil;16,00;11/02/2026 20:30
Sala Vermelha Infantil;16,00;11/02/2026 21:00
Sala Vermelha Infantil;16,00;11/02/2026 21:30
Sala Vermelha Infantil;15,94;11/02/2026 22:00
Sala Vermelha Infantil;16,00;11/02/2026 22:30
Sala Vermelha Infantil;16,00;11/02/2026 23:00
Sala Vermelha Infantil;15,07;11/02/2026 23:30